INSERT INTO SYSTEM_KEY(ID,SYSTEM_KEY,KEY_TYPE,CREATED_BY,CREATED_ON,LAST_UPDATED_BY,LAST_UPDATED_ON)
VALUES
('05a68810-e6f9-11e3-a68a-82687f4fc15c','DRIVER','DATABASE','SYSTEM',1401344421,'SYSTEM',1401344421),
('05be454a-e6f9-11e3-a68a-82687f4fc15c','URL','DATABASE','SYSTEM',1401344421,'SYSTEM',1401344421),
('05be4a2c-e6f9-11e3-a68a-82687f4fc15c','SCHEMA','DATABASE','SYSTEM',1401344421,'SYSTEM',1401344421),
('05be4fe0-e6f9-11e3-a68a-82687f4fc15c','USER','DATABASE','SYSTEM',1401344421,'SYSTEM',1401344421),
('05be5350-e6f9-11e3-a68a-82687f4fc15c','PASSWORD','DATABASE','SYSTEM',1401344421,'SYSTEM',1401344421),
('74246ec4-fac2-11e3-801d-b2227cce2b54','URL','TENANT','SYSTEM',1401344421,'SYSTEM',1401344421),
('742471a8-fac2-11e3-801d-b2227cce2b54','SOME','TENANT','SYSTEM',1401344421,'SYSTEM',1401344421),
('74246ec4-fac3-11e3-801d-b2227cce2c54','COLUMN_IDENTIFIERS','STRING,VARCHAR,DECIMAL,DOUBLE,BIT,INTEGER, INT, SMALLINT, TINYINT, MEDIUMINT, BIGINT,TIMESTAMP,TIME,YEAR,DATETIME,DATE','SYSTEM',1401344421,'SYSTEM',1401344421);

INSERT INTO TENANT(ID,NAME,DESCRIPTION,CODE,TENANT_TYPE,CREATED_BY,CREATED_ON,LAST_UPDATED_BY,LAST_UPDATED_ON)
VALUES
('d6fae55c-e6fc-11e3-aab5-82687f4fc15c','Ocwen','Ocwen Financial Corporation','ocwen','both','SYSTEM',1401344421,'SYSTEM',1401344421);


SELECT @tenant_ocwen:=(SELECT ID FROM TENANT WHERE CODE='ocwen');

SELECT @system_key_db_driver:=(SELECT ID FROM SYSTEM_KEY WHERE KEY_TYPE='DATABASE' AND SYSTEM_KEY='DRIVER');
SELECT @system_key_db_url:=(SELECT ID FROM SYSTEM_KEY WHERE KEY_TYPE='DATABASE' AND SYSTEM_KEY='URL');
SELECT @system_key_db_schema:=(SELECT ID FROM SYSTEM_KEY WHERE KEY_TYPE='DATABASE' AND SYSTEM_KEY='SCHEMA');
SELECT @system_key_db_user:=(SELECT ID FROM SYSTEM_KEY WHERE KEY_TYPE='DATABASE' AND SYSTEM_KEY='USER');
SELECT @system_key_db_password:=(SELECT ID FROM SYSTEM_KEY WHERE KEY_TYPE='DATABASE' AND SYSTEM_KEY='PASSWORD');
SELECT @system_key_tenant_url:=(SELECT ID FROM SYSTEM_KEY WHERE KEY_TYPE='TENANT' AND SYSTEM_KEY='URL');
SELECT @system_key_tenant_some:=(SELECT ID FROM SYSTEM_KEY WHERE KEY_TYPE='TENANT' AND SYSTEM_KEY='SOME');

INSERT INTO TENANT_CONFIG(ID,TENANT_ID,SYSTEM_KEY_ID,CONFIG_VALUE,CREATED_BY,CREATED_ON,LAST_UPDATED_BY,LAST_UPDATED_ON)
VALUES
('d60de758-e6fb-11e3-aab5-82687f4fc15c',@tenant_ocwen,@system_key_db_driver,'com.mysql.jdbc.Driver','SYSTEM',1401344421,'SYSTEM',1401344421),
('d60dea46-e6fb-11e3-aab5-82687f4fc15c',@tenant_ocwen,@system_key_db_url,'jdbc:mysql://radev-mysql.altidev.net:3306/ocwen','SYSTEM',1401344421,'SYSTEM',1401344421),
('d60dec58-e6fb-11e3-aab5-82687f4fc15c',@tenant_ocwen,@system_key_db_schema,'ocwen','SYSTEM',1401344421,'SYSTEM',1401344421),
('d60dee42-e6fb-11e3-aab5-82687f4fc15c',@tenant_ocwen,@system_key_db_user,'umgdev','SYSTEM',1401344421,'SYSTEM',1401344421),
('d60df036-e6fb-11e3-aab5-82687f4fc15c',@tenant_ocwen,@system_key_db_password,'Dev#2014','SYSTEM',1401344421,'SYSTEM',1401344421),
('9f28f270-fac2-11e3-801d-b2227cce2b54',@tenant_ocwen,@system_key_tenant_url,'http://ocwen.runtime.dev.umg.com:8080','SYSTEM',1401344421,'SYSTEM',1401344421),
('9f28f55e-fac2-11e3-801d-b2227cce2b54',@tenant_ocwen,@system_key_tenant_some,'test','SYSTEM',1401344421,'SYSTEM',1401344421);

INSERT INTO ADDRESS(ID,TENANT_ID,ADDRESS_1,ADDRESS_2,CITY,STATE,ZIP,COUNTRY,CREATED_BY,CREATED_ON,LAST_UPDATED_BY,LAST_UPDATED_ON)
VALUES
('4bce84e2-e6fd-11e3-aab5-82687f4fc15c',@tenant_ocwen,'ocwen','address2','city','state','zip','country','SYSTEM',1401344421,'SYSTEM',1401344421);

INSERT INTO USERS(USERNAME,PASSWORD,ENABLED) VALUES ('ketan.gandhi','$2a$10$Z2hstlt1TvRFhJwRXByD6uNPhsq4XNRE8BY/Zm.mXiwQffO1TKaoq', TRUE);
INSERT INTO USER_ROLES (USERNAME, ROLE) VALUES ('ketan.gandhi', 'ROLE_ADMIN');
INSERT INTO USERS(USERNAME,PASSWORD,ENABLED) VALUES ('samit.pahari','$2a$10$C6/dx1J32H0l4i..Xyx.jOJ3cJrzVi.z1CW2jjU4MjRgSlHGH9bBm', TRUE);
INSERT INTO USER_ROLES (USERNAME, ROLE) VALUES ('samit.pahari', 'ROLE_ADMIN');
INSERT INTO USERS(USERNAME,PASSWORD,ENABLED) VALUES ('nageshs.adavalli','$2a$10$/QogVJcAw82Km2fPAJYNiu880/W5fo26SCcjBy09O8j.hOEHruHK6', TRUE);
INSERT INTO USER_ROLES (USERNAME, ROLE) VALUES ('nageshs.adavalli', 'ROLE_ADMIN');
INSERT INTO USERS(USERNAME,PASSWORD,ENABLED) VALUES ('nagamani.basa','$2a$10$SqwblhvPfYhYn9hQu5PHiOk7EtrQzcrPVUQk4RpBniZIK.sU1d76u', TRUE);
INSERT INTO USER_ROLES (USERNAME, ROLE) VALUES ('nagamani.basa', 'ROLE_ADMIN');
INSERT INTO USERS(USERNAME,PASSWORD,ENABLED) VALUES ('saurabh.chandra','$2a$10$hVSKJYiTtMTl0//lS8D1vO/JR9H8zQIEhoTS3cFmHm.NjIPl6H7UG', TRUE);
INSERT INTO USER_ROLES (USERNAME, ROLE) VALUES ('saurabh.chandra', 'ROLE_ADMIN');
INSERT INTO USERS(USERNAME,PASSWORD,ENABLED) VALUES ('saravana.elumalai','$2a$10$8IHEcjE.b8EnZtEoXC2JPus/1HqZWemS5GcZAY6HCR/M2WOymd8lK', TRUE);
INSERT INTO USER_ROLES (USERNAME, ROLE) VALUES ('saravana.elumalai', 'ROLE_ADMIN');
INSERT INTO USERS(USERNAME,PASSWORD,ENABLED) VALUES ('preetham.javarappa','$2a$10$JpNX0VhfZFkjGsxI/E/VMOqwJ1ymPSRoL7.9zgfUaBPI8wsKg..ue', TRUE);
INSERT INTO USER_ROLES (USERNAME, ROLE) VALUES ('preetham.javarappa', 'ROLE_ADMIN');
INSERT INTO USERS(USERNAME,PASSWORD,ENABLED) VALUES ('biju.ka','$2a$10$m2GJ/HAx5mnF1no/twEny.XIhFq.Ywi1mQbc3EMT47dp87s8Of3E2', TRUE);
INSERT INTO USER_ROLES (USERNAME, ROLE) VALUES ('biju.ka', 'ROLE_ADMIN');
INSERT INTO USERS(USERNAME,PASSWORD,ENABLED) VALUES ('anil.kamath','$2a$10$4ntcyw7gZVG6QTH0iKPf8euXvwA2Y4xvaX4cE6Cl3BT.LZFKzzzmS', TRUE);
INSERT INTO USER_ROLES (USERNAME, ROLE) VALUES ('anil.kamath', 'ROLE_ADMIN');
INSERT INTO USERS(USERNAME,PASSWORD,ENABLED) VALUES ('udaya.kiranss','$2a$10$dT7nTDp.EvwtCjvrbqDcr.tctLXtJ5X5PIhdhHQ640Ud01BaAXUyO', TRUE);
INSERT INTO USER_ROLES (USERNAME, ROLE) VALUES ('udaya.kiranss', 'ROLE_ADMIN');
INSERT INTO USERS(USERNAME,PASSWORD,ENABLED) VALUES ('raghavendra.kopalle','$2a$10$og99QvHK/Uww6SL1iht1D.L2KcQfRNu3m3qY6xRA9/iEL5rh/3Eba', TRUE);
INSERT INTO USER_ROLES (USERNAME, ROLE) VALUES ('raghavendra.kopalle', 'ROLE_ADMIN');
INSERT INTO USERS(USERNAME,PASSWORD,ENABLED) VALUES ('tushar.mahanta','$2a$10$g6yx9w7dTIFPhICLbSGg7ufOT6hBMuo33tbw5IrvcXpYn5IKBorni', TRUE);
INSERT INTO USER_ROLES (USERNAME, ROLE) VALUES ('tushar.mahanta', 'ROLE_ADMIN');
INSERT INTO USERS(USERNAME,PASSWORD,ENABLED) VALUES ('durgaprasad.mandavakuriti','$2a$10$6rlq.tWlWsmd8cDbBfCJ3udBSgSZd1tUHouPvXksksVR/n2bqkL8q', TRUE);
INSERT INTO USER_ROLES (USERNAME, ROLE) VALUES ('durgaprasad.mandavakuriti', 'ROLE_ADMIN');
INSERT INTO USERS(USERNAME,PASSWORD,ENABLED) VALUES ('prabhat.nigam','$2a$10$sOAeH0ufbfLfbfiZe2sl4eCWCQuTwvUe4HIdr9y6ErdBqMCyxI1He', TRUE);
INSERT INTO USER_ROLES (USERNAME, ROLE) VALUES ('prabhat.nigam', 'ROLE_ADMIN');
INSERT INTO USERS(USERNAME,PASSWORD,ENABLED) VALUES ('anishd.panamthanam','$2a$10$x9.5AQ7v7UXMXJPZ7KMgWOBq3BsFFT4br1o0hdN4cD.twCYTecw.q', TRUE);
INSERT INTO USER_ROLES (USERNAME, ROLE) VALUES ('anishd.panamthanam', 'ROLE_ADMIN');
INSERT INTO USERS(USERNAME,PASSWORD,ENABLED) VALUES ('harsha.putane','$2a$10$iV4U2EXMklQkyYN0YY.St.EGzt6T.CjDKWIctxpEuekOoWxqw6APS', TRUE);
INSERT INTO USER_ROLES (USERNAME, ROLE) VALUES ('harsha.putane', 'ROLE_ADMIN');
INSERT INTO USERS(USERNAME,PASSWORD,ENABLED) VALUES ('basavakumar.raddi','$2a$10$uF7i17ODu87asqlYqfHBGuXCAuFIOfgcgwP.bynGxsk81L5KVaBiS', TRUE);
INSERT INTO USER_ROLES (USERNAME, ROLE) VALUES ('basavakumar.raddi', 'ROLE_ADMIN');
INSERT INTO USERS(USERNAME,PASSWORD,ENABLED) VALUES ('nirmal.raghavan','$2a$10$t2q2oO8zmf0NfHpYKHP/L.8sDj1QpzZr.Nxr6yxdo3HgRcjwZLlaq', TRUE);
INSERT INTO USER_ROLES (USERNAME, ROLE) VALUES ('nirmal.raghavan', 'ROLE_ADMIN');
INSERT INTO USERS(USERNAME,PASSWORD,ENABLED) VALUES ('karthik.raghavendra','$2a$10$GSCpk4Lx4X9aFcetDJn5hOUdQPlHKVnd.4N.6a2QwgMihWMxqiQ/S', TRUE);
INSERT INTO USER_ROLES (USERNAME, ROLE) VALUES ('karthik.raghavendra', 'ROLE_ADMIN');
INSERT INTO USERS(USERNAME,PASSWORD,ENABLED) VALUES ('venkat.repaka','$2a$10$Zt.zMujgG64NVCmWBdfQmukGy7inpncyC5DSxy/hSNIsWnQjbVWta', TRUE);
INSERT INTO USER_ROLES (USERNAME, ROLE) VALUES ('venkat.repaka', 'ROLE_ADMIN');
INSERT INTO USERS(USERNAME,PASSWORD,ENABLED) VALUES ('manasi.seshadri','$2a$10$BEQz74NAAVcReFNWViwJg.zlnKr.oKsdlX85.CNfrPmP3fUpD0LnK', TRUE);
INSERT INTO USER_ROLES (USERNAME, ROLE) VALUES ('manasi.seshadri', 'ROLE_ADMIN');
INSERT INTO USERS(USERNAME,PASSWORD,ENABLED) VALUES ('hemantk.jha','$2a$10$ek9QoKVtMW81RrPudyMXROLRC6y0tV5ByFIpCg2oOyI43Q4BNMi6K', TRUE);
INSERT INTO USER_ROLES (USERNAME, ROLE) VALUES ('hemantk.jha', 'ROLE_ADMIN');
INSERT INTO USERS(USERNAME,PASSWORD,ENABLED) VALUES ('naveed.s','$2a$10$2X1PCxlWtA3z5ZECSUhIc.T7GmHcvaKlsawTjM7e3KRMc25FeNjqS', TRUE);
INSERT INTO USER_ROLES (USERNAME, ROLE) VALUES ('naveed.s', 'ROLE_ADMIN');
INSERT INTO USERS(USERNAME,PASSWORD,ENABLED) VALUES ('suresh.kumark','$2a$10$uoY2Kf1GE.4Qqix2d3Shr.0323rYDgLa69TL6WYF5k4qyGegHASiO', TRUE);
INSERT INTO USER_ROLES (USERNAME, ROLE) VALUES ('suresh.kumark', 'ROLE_ADMIN');
INSERT INTO USERS(USERNAME,PASSWORD,ENABLED) VALUES ('karthikeyan.nandhakumar','$2a$10$.mx.za.pRHXTFqnvEM2V8eu/uw2iCtApHs6ei14qGeKhsLj9lufba', TRUE);
INSERT INTO USER_ROLES (USERNAME, ROLE) VALUES ('karthikeyan.nandhakumar', 'ROLE_ADMIN');
INSERT INTO USERS(USERNAME,PASSWORD,ENABLED) VALUES ('uma.prakash','$2a$10$QcGNhKsIOqSkkm7k.Tpwjeabo.xWdtGS7BWnrqwT9fwyXjxPK3eCa', TRUE);
INSERT INTO USER_ROLES (USERNAME, ROLE) VALUES ('uma.prakash', 'ROLE_ADMIN');
INSERT INTO USERS(USERNAME,PASSWORD,ENABLED) VALUES ('preethi.pushpanathan','$2a$10$niuTeV2PqPwBPT4VNsyBueQfmrdXx2atqZ0xdh7SOlKLG4EMJX67y', TRUE);
INSERT INTO USER_ROLES (USERNAME, ROLE) VALUES ('preethi.pushpanathan', 'ROLE_ADMIN');
INSERT INTO USERS(USERNAME,PASSWORD,ENABLED) VALUES ('prabhat.rajput','$2a$10$kiI2k.zft.N9Fzl6Sxc3Huq8wpxqgICx/WXt8NJC/aKyp.gxgmAGu', TRUE);
INSERT INTO USER_ROLES (USERNAME, ROLE) VALUES ('prabhat.rajput', 'ROLE_ADMIN');
INSERT INTO USERS(USERNAME,PASSWORD,ENABLED) VALUES ('satyanarayan.rao','$2a$10$IvzZg9tvvjeAvvbcksfTHuDhPr27p.YzbkxLqptKTS2fzlFQ8PzA.', TRUE);
INSERT INTO USER_ROLES (USERNAME, ROLE) VALUES ('satyanarayan.rao', 'ROLE_ADMIN');
INSERT INTO USERS(USERNAME,PASSWORD,ENABLED) VALUES ('saravana.srinivasan','$2a$10$4klKCmHe5FuhmCQHkXLCKuGYZ1Qggn3Gtecc1hoxsxA8whcHMhawS', TRUE);
INSERT INTO USER_ROLES (USERNAME, ROLE) VALUES ('saravana.srinivasan', 'ROLE_ADMIN');
INSERT INTO USERS(USERNAME,PASSWORD,ENABLED) VALUES ('amarnath.telkar','$2a$10$MkGCsp3P7/3Zf5Cn/DKCHuXanD9JGtUSPxsfqrBOFqIz8r4CH3BHG', TRUE);
INSERT INTO USER_ROLES (USERNAME, ROLE) VALUES ('amarnath.telkar', 'ROLE_ADMIN');
INSERT INTO USERS(USERNAME,PASSWORD,ENABLED) VALUES ('balaji.yadalam','$2a$10$3e8otG73ainCKUfhfJGPXuzt858eTNUfZP8P9Vvhg8nhqBMx5iAva', TRUE);
INSERT INTO USER_ROLES (USERNAME, ROLE) VALUES ('balaji.yadalam', 'ROLE_ADMIN');

COMMIT;
