USE `umg_admin`;


INSERT INTO `COMMAND` (`ID`, `NAME`, `DESCRIPTION`, `EXECUTION_SEQUENCE`, `PROCESS`, `CREATED_BY`, `CREATED_ON`, `LAST_UPDATED_BY`, `LAST_UPDATED_ON`) VALUES
	('15c27bfe-4491-41a8-98d5-276735f36bc9', 'createModel', 'Create model definition.', 7, 'CREATE', 'SYSTEM', 12354856456, NULL, NULL),
	('22d294bf-85b9-4d60-8e0f-ed0d8a36da2a', 'symanticCheckModelIOXml', 'Symantic validation of uploaded model definiition file.', 5, 'CREATE', 'SYSTEM', 12354856456, NULL, NULL),
	('28483ea2-740d-4b3c-b858-27afd0326944', 'createModelLibrary', 'Create model library command.', 3, 'CREATE', 'SYSTEM', 12354856456, NULL, NULL),
	('3528F744-40A1-4779-89C6-9B5595E9D019', 'convertExcelToXml', 'Conversion of Excel to Xml', 4, 'CREATE', 'SYSTEM', 12354856456, NULL, NULL),
	('3528F744-40A1-4779-89C6-9B5595E9D089', 'validateRManifestFile', 'Validating of Manifest file', 1, 'CREATE', 'SYSTEM', 12354856456, NULL, NULL),
	('46d54377-5e5e-4cdf-a0cd-4b11ef5c096b', 'testVersion', 'Test version.', 13, 'CREATE', 'SYSTEM', 12354856456, NULL, NULL),
	('5c6c2228-5e25-4d6b-b989-0e41b00c4eec', 'generateTestInput', 'Generate test input json.', 12, 'CREATE', 'SYSTEM', 12354856456, NULL, NULL),
	('5eb9aede-1c06-40ea-bd33-bd436b314816', 'createMapping', 'Create default Mapping.', 8, 'CREATE', 'SYSTEM', 12354856456, NULL, NULL),
	('640f5323-1f7d-4d33-98c2-b753291fc375', 'createVersion', 'Create default version.', 9, 'CREATE', 'SYSTEM', 12354856456, NULL, NULL),
	('9f7a95a9-dfad-489b-a1bd-420bf589c743', 'validateLibraryChecksum', 'Validate checksum of the uploaded model library jar file.', 2, 'CREATE', 'SYSTEM', 12354856456, NULL, NULL),
	('A37E5EFF-9CBF-4FC0-8F25-B71C5318FB21', 'deleteRModelArtifacts', 'delete R Model from temp path and DB', 14, 'CREATE', 'SYSTEM', 0, NULL, NULL),
	('A37E5EFF-9CBF-4FC0-8F25-B71C5318FB22', 'validateReportTemplate', 'Validate Report Template', 10, 'CREATE', 'SYSTEM', 12354856456, NULL, NULL),
	('A37E5EFF-9CBF-4FC0-8F25-B71C5318FB23', 'saveReportTemplate', 'Save Report Template', 11, 'CREATE', 'SYSTEM', 12354856456, NULL, NULL),
	('A37E5EFF-9CBF-4FC0-8F25-B71C5318FB24', 'generateModelReport', 'Generate Report Template (this should be last command in the sequence)', 15, 'CREATE', 'SYSTEM', 12354856456, NULL, NULL),
	('ebfed01f-30a8-460c-95fc-3f7215df2f65', 'validateModelIOXml', 'Valiadate uploaded model definition file..', 6, 'CREATE', 'SYSTEM', 12354856456, NULL, NULL);

INSERT INTO `MODEL_EXECUTION_ENVIRONMENTS` (`ID`, `EXECUTION_ENVIRONMENT`, `ENVIRONMENT_VERSION`, `CREATED_BY`, `CREATED_ON`, `LAST_UPDATED_BY`, `LAST_UPDATED_ON`, `NAME`) VALUES
	('C7642E72-DE1B-4E5B-B1B1-0C70E1B3BCA6', 'Matlab', '7.16', 'nagamani.basa', 1433246416, 'nagamani.basa', 1433246416, 'Matlab-7.16'),
	('F6ACD2A3-D78D-4E36-A2D8-7420F7CF7537', 'R', '3.2.1', 'nagamani.basa', 1433246416, 'nagamani.basa', 1433246416, 'R-3.2.1');

INSERT INTO `NOTIFICATION_EMAIL_TEMPLATE` (`ID`, `NOTIFICATION_EVENT_ID`, `NAME`, `DESCRIPTION`, `BODY_DEFINITION`, `SUBJECT_DEFINITION`, `IS_ACTIVE`, `MAJOR_VERSION`, `MAIL_CONTENT_TYPE`, `CREATED_BY`, `CREATED_ON`, `LAST_UPDATED_BY`, `LAST_UPDATED_ON`) VALUES
	('1D5ED0C3-C206-4AD3-81CB-896FCCFD8D81', '9FE824C2-5FB4-4C97-AB47-4FA2E33A1C8B', 'MODEL PUBLISH MAIL TEMPLATE', 'MODEL PUBLISH MAIL TEMPLATE', _binary 0x3C68746D6C3E203C626F6479207374796C653D22666F6E742D66616D696C793A2043616C696272693B223E48692C203C62723E3C62723E466F6C6C6F77696E67204D6F64656C20686173206265656E207075626C697368656420696E2024656E7669726F6E6D656E74203C756C3E3C6C693E4D6F64656C204E616D653A20246D6F64656C4E616D653C2F6C693E3C6C693E4D6F64656C205075626C69736865642054696D657374616D703A20247075626C6973686564446174653C2F6C693E3C6C693E54656E616E74204E616D653A202474656E616E744E616D653C2F6C693E3C6C693E417070726F766572204E616D653A20247075626C69736865724E616D653C2F6C693E203C2F756C3E3C623E526567617264732C3C2F623E3C62723E3C623E5245414C416E616C7974696373205465616D3C2F623E203C2F626F64793E3C2F68746D6C3E, 'REALAnalytics $environment: $modelName $modelVersion model published', 1, 1, 'MIME', 'System', 1234567890, NULL, NULL),
	('1D5ED0C3-C206-4AD3-81CB-896FCCFD8D82', '9FE824C2-5FB4-4C97-AB47-4FA2E33A1C9B', 'RUNTIME FAILURE MAIL TEMPLATE', 'RUNTIME FAILURE MAIL TEMPLATE', _binary 0x3C68746D6C3E3C7374796C653E7461626C652C2074682C207464207B626F726465723A2031707820736F6C696420626C61636B3B626F726465722D636F6C6C617073653A20636F6C6C617073653B7D74682C207464207B70616464696E673A203570783B746578742D616C69676E3A2063656E7465723B7D7468207B6261636B67726F756E642D636F6C6F723A20234635463546353B7D3C2F7374796C653E3C626F6479207374796C653D22666F6E742D66616D696C793A2043616C696272693B223E48692C3C62723E3C62723E466F6C6C6F77696E67206572726F7220686173206265656E20656E636F756E746572656420647572696E6720657865637574696F6E20696E2024656E7669726F6E6D656E743C756C3E3C6C693E2054656E616E74205472616E73616374696F6E2049643A20247472616E73616374696F6E4964203C2F6C693E3C6C693E20457865637574696F6E2054696D65205374616D703A2024657865637574696F6E54696D65203C2F6C693E3C6C693E204572726F722044657461696C733A20246572726F72436F646520246572726F724D657373616765203C2F6C693E3C6C693E204D6F64656C204E616D653A20246D6F64656C4E616D65203C2F6C693E3C6C693E204D6F64656C2056657273696F6E3A20246D6F64656C56657273696F6E203C2F6C693E3C6C693E2054656E616E74204E616D653A202474656E616E744E616D65203C2F6C693E3C2F756C3E204D6F64656C657420537461747573206174202024657865637574696F6E54696D65202C205265666572207461626C653A2023736574282024636F756E74203D203120293C5441424C453E3C54523E3C54483E536C206E6F2E3C2F54483E3C54483E4D6F64656C65743C2F54483E3C54483E506F6F6C204E616D653C2F54483E3C54483E5374617475733C2F54483E23666F72656163682820246D6F64656C657420696E20246D6F64656C65744C697374293C2F54523E3C54523E3C54443E24636F756E743C2F54443E3C54443E246D6F64656C65742E686F7374203A246D6F64656C65742E706F7274203C2F54443E3C54443E246D6F64656C65742E706F6F6C4E616D653C2F54443E3C54443E246D6F64656C65742E6D6F64656C65745374617475733C2F54443E3C2F54523E2023736574282024636F756E74203D2024636F756E74202B203120292023656E643C2F5441424C453E3C62723E3C62723E3C623E526567617264732C3C2F623E3C62723E3C623E5245414C416E616C7974696373205465616D3C2F623E3C2F626F64793E3C2F68746D6C3E, 'REALAnalytics $environment: Transaction error $errorCode for $tenantName tenant', 1, 1, 'MIME', 'System', 1234567890, NULL, NULL),
	('1D5ED0C3-C206-4AD3-81CB-896FCCFD8D83', '9FE824C2-5FB4-4C97-AB47-4FA2E33A1C7B', 'MODEL APPROVAL EVENT TEMPLATE', 'MODEL APPROVAL EVENT TEMPLATE', _binary 0x3C68746D6C3E203C626F6479207374796C653D22666F6E742D66616D696C793A2043616C696272693B223E48692C3C62723E3C62723E466F6C6C6F77696E67204D6F64656C206973206177616974696E6720796F757220617070726F76616C20666F72207075626C697368696E6720696E2024656E7669726F6E6D656E743C756C3E3C6C693E4D6F64656C204E616D653A20246D6F64656C4E616D653C2F6C693E3C6C693E4D6F64656C2056657273696F6E3A20246D6F64656C56657273696F6E3C2F6C693E3C6C693E54656E616E74204E616D653A202474656E616E744E616D653C2F6C693E3C6C693E526571756573746F72204E616D653A20247075626C69736865724E616D653C2F6C693E3C2F756C3E20506C65617365207265666572207468652061747461636865642052656C65617365204E6F74657320666F7220667572746865722064657461696C732061626F757420746865206D6F64656C2E203C62723E203C62723E436C69636B206F6E2074686520666F6C6C6F77696E67206C696E6B20746F20415050524F5645204D6F64656C20666F72207075626C697368696E672E203C62723E3C62723E203C6120687265663D22246D6F64656C417070726F76616C55524C223E417070726F7665205075626C69736820526571756573743C2F613E203C62723E3C62723E506C65617365204E6F74653A20466F7220736563757269747920726561736F6E732C20646F206E6F74207368617265207468697320656D61696C2E3C62723E3C62723E3C623E526567617264732C3C2F623E3C62723E3C623E5245414C416E616C7974696373205465616D3C2F623E203C2F626F64793E3C2F68746D6C3E, 'REALAnalytics $environment: Approval required for $modelName$modelVersion model publishing', 1, 1, 'MIME', 'System', 1234567890, NULL, NULL),
	('1D5ED0C3-C206-4AD3-81CB-896FCCFD8D84', '9FE824C2-5FB4-4C97-AB47-4FA2E33A1C6B', 'NEW TENANT ADDED TEMPLATE', 'NEW TENANT ADDED EVENT TEMPLATE', _binary 0x3C68746D6C3E203C626F6479207374796C653D22666F6E742D66616D696C793A2043616C696272693B223E48692C203C62723E3C62723E466F6C6C6F77696E672054656E616E7420686173206265656E206F6E626F617264656420696E2024656E7669726F6E6D656E74203C756C3E3C6C693E2054656E616E74204E616D653A202474656E616E744E616D65203C2F6C693E3C6C693E2054656E616E7420436F6465203A202474656E616E74436F6465203C2F6C693E3C6C693E20426174636820456E61626C65643A246261746368456E61626C6564203C2F6C693E3C6C693E2042756C6B20456E61626C6564203A202462756C6B456E61626C6564203C2F6C693E3C6C693E20456D61696C204E6F74696669636174696F6E7320456E61626C6564203A2024656D61696C4E6F74696669636174696F6E73456E61626C6564203C2F6C693E3C6C693E2054656E616E74204F6E626F6172646564206F6E203A202474656E616E744F6E626F61726465644F6E203C2F6C693E3C6C693E2054656E616E74204F6E626F6172646564206279203A202474656E616E744F6E626F61726465644279203C2F6C693E3C2F756C3E3C623E526567617264732C3C2F623E3C62723E3C623E5245414C416E616C7974696373205465616D3C2F623E3C2F626F64793E3C2F68746D6C3E, 'REALAnalytics $environment: Tenant $tenantName added', 1, 1, 'MIME', 'System', 1234567890, NULL, NULL),
	('6259B6AB-C2BC-4720-A997-3C54738BB4A4', 'E3453E48-38DF-4424-A42F-69784A17D11F', 'EXCESSION RUNTIME TEMPLATE', 'EXCESSIVE RUNTIME TEMPLATE', _binary 0x3C68746D6C3E203C626F6479207374796C653D22666F6E742D66616D696C793A2043616C696272693B223E48692C203C62723E3C62723E246D6F64656C4E616D65205F20246D6F64656C56657273696F6E206D6F64656C20686173206265656E2070726F63657373696E672061207472616E73616374696F6E20666F72206D6F7265207468616E202465786365737352756E74696D65207365636F6E647320696E202024656E7669726F6E6D656E7420656E7669726F6E6D656E742E546865206D6F64656C657420686173206265656E2073746F707065642E506C656173652066696E6420667572746865722064657461696C732062656C6F773A3C62723E3C756C3E3C6C693E2054656E616E74204E616D653A202474656E616E744E616D65203C2F6C693E3C6C693E54656E616E74205472616E73616374696F6E2049643A2024636C69656E747472616E73616374696F6E49643C2F6C693E3C6C693E5241205472616E73616374696F6E2049643A20247472616E73616374696F6E49643C2F6C693E3C6C693E50726F63657373696E672053746172742054696D653A20246D6F64656C537461727454696D653C2F6C693E3C6C693E4D656D6F72792055736167652061742050726F63657373696E672053746172743A204E413C6C693E4350552055736167652061742050726F63657373696E672053746172743A204E413C6C693E43757272656E74204D656D6F72792055736167653A204E413C2F6C693E3C6C693E43757272656E74204350552055736167653A204E413C2F6C693E3C6C693E4D6F64656C65743A205365727665722049503A246D6F64656C6574486F737420506F7274203A24706F72743C2F6C693E3C6C693E506F6F6C204E616D653A2024706F6F6C4E616D653C2F6C693E3C2F756C3E3C623E526567617264732C3C2F623E3C62723E3C623E5245414C416E616C7974696373205465616D3C2F623E3C2F626F64793E3C2F68746D6C3E, 'REALAnalytics $environment: Model $modelName - $modelVersion taking too long to execute', 1, 1, 'MIME', 'System', 1465811587, NULL, NULL),
	('E76CCF02-33A5-11E6-AC61-9E71128CAE77', 'E76CCC0A-33A5-11E6-AC61-9E71128CAE77', 'MODELET RESTART TEMPLATE', 'MODELET RESTART TEMPLATE', _binary 0x3C68746D6C3E3C626F6479207374796C653D22666F6E742D66616D696C793A2043616C696272693B223E48692C3C62723E3C62723E4D6F64656C657420246D6F64656C6574486F73743A24706F727420686173206265656E2072657374617274656420696E2024656E7669726F6E6D656E7420656E7669726F6E6D656E742E20506C656173652066696E6420667572746865722064657461696C732062656C6F773A3C756C3E3C6C693E43757272656E7420506F6F6C204E616D653A2024706F6F6C4E616D653C2F6C693E3C6C693E4E657720506F6F6C204E616D653A20246E6577506F6F6C4E616D653C2F6C693E3C6C693E526573746172742054696D653A20246D6F64656C65745265737461727454696D653C2F6C693E3C6C693E4D6F64656C204E616D653A20246C6F616465644D6F64656C2026204D6F64656C2056657273696F6E3A20246C6F616465644D6F64656C56657273696F6E207072696F7220746F20726573746172743C2F6C693E3C6C693E4D6F64656C204E616D653A20246D6F64656C546F4C6F61642026204D6F64656C2056657273696F6E3A20246D6F64656C56657273696F6E546F4C6F616420726571756573746564206D6F64656C3C2F6C693E3C6C693E5472616E73616374696F2049443A20247472616E73616374696F6E49643C2F6C693E3C6C693E5472616E73616374696F6E2052756E20446174653A20247472616E73616374696F6E52756E446174653C2F6C693E3C6C693E5265737461727420526561736F6E3A2024726561736F6E3C2F6C693E3C2F756C3E3C623E526567617264732C3C2F623E3C62723E3C623E5245414C416E616C7974696373205465616D3C2F623E3C2F626F64793E3C2F68746D6C3E, 'REALAnalytics $environment: Modelet restarted', 1, 1, 'MIME', 'System', 1465811587, NULL, NULL);

INSERT INTO `NOTIFICATION_EVENT` (`ID`, `NAME`, `DESCRIPTION`, `CLASSIFICATION`, `CREATED_BY`, `CREATED_ON`, `LAST_UPDATED_BY`, `LAST_UPDATED_ON`) VALUES
	('9FE824C2-5FB4-4C97-AB47-4FA2E33A1C6B', 'New Tenant Added', 'Mail will be sent when new tenant get added', 'System', 'SYSTEM', 1469334825000, NULL, NULL),
	('9FE824C2-5FB4-4C97-AB47-4FA2E33A1C7B', 'Model Publish Approval', 'Mail will be sent when Model is requested to for approval to publish', 'Feature', 'SYSTEM', 1469334825000, NULL, NULL),
	('9FE824C2-5FB4-4C97-AB47-4FA2E33A1C8B', 'On Model Publish', 'Mail will be sent when Model is successfully published', 'Feature', 'SYSTEM', 1469334825000, NULL, NULL),
	('9FE824C2-5FB4-4C97-AB47-4FA2E33A1C9B', 'Runtime Transaction Failure', 'Mail will be sent when Runtime throws RSV Errors like 807, 804', 'System', 'SYSTEM', 1469334825000, NULL, NULL),
	('E3453E48-38DF-4424-A42F-69784A17D11F', 'Excessive Model Exec Time', 'Mail will be sent on excessive model exec time', 'System', 'SYSTEM', 1465810235, 'SYSTEM', 1465810244),
	('E76CCC0A-33A5-11E6-AC61-9E71128CAE77', 'Modelet Restart', 'Mail will be sent when modelet restart command is initiated', 'System', 'SYSTEM', 1465810235, 'SYSTEM', 1465810244);

INSERT INTO `NOTIFICATION_EVENT_TEMPLATE_MAPPING` (`ID`, `NAME`, `NOTIFICATION_EVENT_ID`, `NOTIFICATION_TEMPLATE_ID`, `NOTIFICATION_TYPE_ID`, `TENANT_ID`, `TO_ADDRESS`, `FROM_ADDRESS`, `CC_ADDRESS`, `BCC_ADDRESS`, `MOBILE`, `CREATED_BY`, `CREATED_ON`, `LAST_UPDATED_BY`, `LAST_UPDATED_ON`) VALUES
	('02BC91DD-7D4E-4D03-845D-F37ED8FE77-1', 'Excessive Model Exec Time', 'E3453E48-38DF-4424-A42F-69784A17D11F', '6259B6AB-C2BC-4720-A997-3C54738BB4A4', '07E1739D-467E-42BE-8882-DAD8EDB7465B', 'rentrange', 'realanalyticssupport@altisource.com', 'REALAnalytics-PROD@altisource.com', 'ketan.gandhi@altisource.com;ram.malapaka@altisource.com', '', NULL, 'SYSTEM', 1465889602000, NULL, NULL),
	('02BC91DD-7D4E-4D03-845D-F37ED8FE77-2', 'Excessive Model Exec Time', 'E3453E48-38DF-4424-A42F-69784A17D11F', '6259B6AB-C2BC-4720-A997-3C54738BB4A4', '07E1739D-467E-42BE-8882-DAD8EDB7465B', 'ocwen', 'realanalyticssupport@altisource.com', 'REALAnalytics-PROD@altisource.com', 'ketan.gandhi@altisource.com;ram.malapaka@altisource.com', '', NULL, 'SYSTEM', 1465889602000, NULL, NULL),
	('02BC91DD-7D4E-4D03-845D-F37ED8FE77-3', 'Excessive Model Exec Time', 'E3453E48-38DF-4424-A42F-69784A17D11F', '6259B6AB-C2BC-4720-A997-3C54738BB4A4', '07E1739D-467E-42BE-8882-DAD8EDB7465B', 'equator', 'realanalyticssupport@altisource.com', 'REALAnalytics-PROD@altisource.com', 'ketan.gandhi@altisource.com;ram.malapaka@altisource.com', '', NULL, 'SYSTEM', 1465889602000, NULL, NULL),
	('02BC91DD-7D4E-4D03-845D-F37ED8FE77-4', 'Excessive Model Exec Time', 'E3453E48-38DF-4424-A42F-69784A17D11F', '6259B6AB-C2BC-4720-A997-3C54738BB4A4', '07E1739D-467E-42BE-8882-DAD8EDB7465B', 'hubzu', 'realanalyticssupport@altisource.com', 'REALAnalytics-PROD@altisource.com', 'ketan.gandhi@altisource.com;ram.malapaka@altisource.com', '', NULL, 'SYSTEM', 1465889602000, NULL, NULL),
	('02BC91DD-7D4E-4D03-845D-F37ED8FE77-5', 'Excessive Model Exec Time', 'E3453E48-38DF-4424-A42F-69784A17D11F', '6259B6AB-C2BC-4720-A997-3C54738BB4A4', '07E1739D-467E-42BE-8882-DAD8EDB7465B', 'realtrans', 'realanalyticssupport@altisource.com', 'REALAnalytics-PROD@altisource.com', 'ketan.gandhi@altisource.com;ram.malapaka@altisource.com', '', NULL, 'SYSTEM', 1465889602000, NULL, NULL),
	('02BC91DD-7D4E-4D03-845D-F37ED8FE77-6', 'Excessive Model Exec Time', 'E3453E48-38DF-4424-A42F-69784A17D11F', '6259B6AB-C2BC-4720-A997-3C54738BB4A4', '07E1739D-467E-42BE-8882-DAD8EDB7465B', 'owners', 'realanalyticssupport@altisource.com', 'REALAnalytics-PROD@altisource.com', 'ketan.gandhi@altisource.com;ram.malapaka@altisource.com', '', NULL, 'superman', 1465889602000, NULL, NULL),
	('7BDB4BB8-33A7-11E6-AC61-9E71128CAE-2', 'Modelet Restart', 'E76CCC0A-33A5-11E6-AC61-9E71128CAE77', 'E76CCF02-33A5-11E6-AC61-9E71128CAE77', '07E1739D-467E-42BE-8882-DAD8EDB7465B', 'ocwen', 'realanalyticssupport@altisource.com', 'REALAnalytics-PROD@altisource.com', 'ketan.gandhi@altisource.com;ram.malapaka@altisource.com', '', NULL, 'SYSTEM', 1465889602000, NULL, NULL),
	('8A275022-33A7-11E6-AC61-9E71128CAE-3', 'Modelet Restart', 'E76CCC0A-33A5-11E6-AC61-9E71128CAE77', 'E76CCF02-33A5-11E6-AC61-9E71128CAE77', '07E1739D-467E-42BE-8882-DAD8EDB7465B', 'equator', 'realanalyticssupport@altisource.com', 'REALAnalytics-PROD@altisource.com', 'ketan.gandhi@altisource.com;ram.malapaka@altisource.com', '', NULL, 'SYSTEM', 1465889602000, NULL, NULL),
	('8A275022-33A7-11E6-AC61-9E71128CAE-4', 'Modelet Restart', 'E76CCC0A-33A5-11E6-AC61-9E71128CAE77', 'E76CCF02-33A5-11E6-AC61-9E71128CAE77', '07E1739D-467E-42BE-8882-DAD8EDB7465B', 'hubzu', 'realanalyticssupport@altisource.com', 'REALAnalytics-PROD@altisource.com', 'ketan.gandhi@altisource.com;ram.malapaka@altisource.com', '', NULL, 'SYSTEM', 1465889602000, NULL, NULL),
	('8A275022-33A7-11E6-AC61-9E71128CAE-5', 'Modelet Restart', 'E76CCC0A-33A5-11E6-AC61-9E71128CAE77', 'E76CCF02-33A5-11E6-AC61-9E71128CAE77', '07E1739D-467E-42BE-8882-DAD8EDB7465B', 'realtrans', 'realanalyticssupport@altisource.com', 'REALAnalytics-PROD@altisource.com', 'ketan.gandhi@altisource.com;ram.malapaka@altisource.com', '', NULL, 'SYSTEM', 1465889602000, NULL, NULL),
	('8A275022-33A7-11E6-AC61-9E71128CAE-6', 'Modelet Restart', 'E76CCC0A-33A5-11E6-AC61-9E71128CAE77', 'E76CCF02-33A5-11E6-AC61-9E71128CAE77', '07E1739D-467E-42BE-8882-DAD8EDB7465B', 'owners', 'realanalyticssupport@altisource.com', 'REALAnalytics-PROD@altisource.com', 'ketan.gandhi@altisource.com;ram.malapaka@altisource.com', '', NULL, 'superman', 1465889602000, NULL, NULL),
	('9245ecf2-cd13-4e7a-9c25-b5afb45bb401', 'On Model Publish', '9FE824C2-5FB4-4C97-AB47-4FA2E33A1C8B', '1D5ED0C3-C206-4AD3-81CB-896FCCFD8D81', '07E1739D-467E-42BE-8882-DAD8EDB7465B', 'rentrange', 'realanalyticssupport@altisource.com', 'REALAnalytics-PROD@altisource.com', 'ketan.gandhi@altisource.com;ram.malapaka@altisource.com', '', NULL, 'SYSTEM', 1469334864000, NULL, NULL),
	('9245ecf2-cd13-4e7a-9c25-b5afb45bb402', 'Runtime Transaction Failure', '9FE824C2-5FB4-4C97-AB47-4FA2E33A1C9B', '1D5ED0C3-C206-4AD3-81CB-896FCCFD8D82', '07E1739D-467E-42BE-8882-DAD8EDB7465B', 'rentrange', 'realanalyticssupport@altisource.com', 'REALAnalytics-PROD@altisource.com', 'ketan.gandhi@altisource.com;ram.malapaka@altisource.com', '', NULL, 'SYSTEM', 1469334864000, NULL, NULL),
	('9245ecf2-cd13-4e7a-9c25-b5afb45bb403', 'Model Publish Approval', '9FE824C2-5FB4-4C97-AB47-4FA2E33A1C7B', '1D5ED0C3-C206-4AD3-81CB-896FCCFD8D83', '07E1739D-467E-42BE-8882-DAD8EDB7465B', 'rentrange', 'bin.yu@altisource.com', 'REALAnalytics-PROD@altisource.com', '', '', NULL, 'SYSTEM', 1469334864000, NULL, NULL),
	('9245ecf2-cd13-4e7a-9c25-b5afb45bb404', 'On Model Publish', '9FE824C2-5FB4-4C97-AB47-4FA2E33A1C8B', '1D5ED0C3-C206-4AD3-81CB-896FCCFD8D81', '07E1739D-467E-42BE-8882-DAD8EDB7465B', 'ocwen', 'realanalyticssupport@altisource.com', 'REALAnalytics-PROD@altisource.com', 'ketan.gandhi@altisource.com;ram.malapaka@altisource.com', '', NULL, 'SYSTEM', 1469334864000, NULL, NULL),
	('9245ecf2-cd13-4e7a-9c25-b5afb45bb405', 'Runtime Transaction Failure', '9FE824C2-5FB4-4C97-AB47-4FA2E33A1C9B', '1D5ED0C3-C206-4AD3-81CB-896FCCFD8D82', '07E1739D-467E-42BE-8882-DAD8EDB7465B', 'ocwen', 'realanalyticssupport@altisource.com', 'REALAnalytics-PROD@altisource.com', 'ketan.gandhi@altisource.com;ram.malapaka@altisource.com', '', NULL, 'SYSTEM', 1469334864000, NULL, NULL),
	('9245ecf2-cd13-4e7a-9c25-b5afb45bb406', 'Model Publish Approval', '9FE824C2-5FB4-4C97-AB47-4FA2E33A1C7B', '1D5ED0C3-C206-4AD3-81CB-896FCCFD8D83', '07E1739D-467E-42BE-8882-DAD8EDB7465B', 'ocwen', 'ketan.gandhi@altisource.com', 'REALAnalytics-PROD@altisource.com', '', '', NULL, 'SYSTEM', 1469334864000, NULL, NULL),
	('9245ecf2-cd13-4e7a-9c25-b5afb45bb407', 'On Model Publish', '9FE824C2-5FB4-4C97-AB47-4FA2E33A1C8B', '1D5ED0C3-C206-4AD3-81CB-896FCCFD8D81', '07E1739D-467E-42BE-8882-DAD8EDB7465B', 'equator', 'realanalyticssupport@altisource.com', 'REALAnalytics-PROD@altisource.com', 'ketan.gandhi@altisource.com;ram.malapaka@altisource.com', '', NULL, 'SYSTEM', 1469334864000, 'lipika.pal@altisource.com', 1469338884691),
	('9245ecf2-cd13-4e7a-9c25-b5afb45bb408', 'Runtime Transaction Failure', '9FE824C2-5FB4-4C97-AB47-4FA2E33A1C9B', '1D5ED0C3-C206-4AD3-81CB-896FCCFD8D82', '07E1739D-467E-42BE-8882-DAD8EDB7465B', 'equator', 'realanalyticssupport@altisource.com', 'REALAnalytics-PROD@altisource.com', 'ketan.gandhi@altisource.com;ram.malapaka@altisource.com', '', NULL, 'SYSTEM', 1469334864000, NULL, NULL),
	('9245ecf2-cd13-4e7a-9c25-b5afb45bb409', 'Model Publish Approval', '9FE824C2-5FB4-4C97-AB47-4FA2E33A1C7B', '1D5ED0C3-C206-4AD3-81CB-896FCCFD8D83', '07E1739D-467E-42BE-8882-DAD8EDB7465B', 'equator', 'ketan.gandhi@altisource.com', 'REALAnalytics-PROD@altisource.com', '', '', NULL, 'SYSTEM', 1469334864000, NULL, NULL),
	('9245ecf2-cd13-4e7a-9c25-b5afb45bb410', 'On Model Publish', '9FE824C2-5FB4-4C97-AB47-4FA2E33A1C8B', '1D5ED0C3-C206-4AD3-81CB-896FCCFD8D81', '07E1739D-467E-42BE-8882-DAD8EDB7465B', 'hubzu', 'realanalyticssupport@altisource.com', 'REALAnalytics-PROD@altisource.com', 'ketan.gandhi@altisource.com;ram.malapaka@altisource.com', '', NULL, 'SYSTEM', 1469334864000, NULL, NULL),
	('9245ecf2-cd13-4e7a-9c25-b5afb45bb411', 'Runtime Transaction Failure', '9FE824C2-5FB4-4C97-AB47-4FA2E33A1C9B', '1D5ED0C3-C206-4AD3-81CB-896FCCFD8D82', '07E1739D-467E-42BE-8882-DAD8EDB7465B', 'hubzu', 'realanalyticssupport@altisource.com', 'REALAnalytics-PROD@altisource.com', 'ketan.gandhi@altisource.com;ram.malapaka@altisource.com', '', NULL, 'SYSTEM', 1469334864000, NULL, NULL),
	('9245ecf2-cd13-4e7a-9c25-b5afb45bb412', 'Model Publish Approval', '9FE824C2-5FB4-4C97-AB47-4FA2E33A1C7B', '1D5ED0C3-C206-4AD3-81CB-896FCCFD8D83', '07E1739D-467E-42BE-8882-DAD8EDB7465B', 'hubzu', 'prem.swaroop@altisource.com', 'REALAnalytics-PROD@altisource.com', '', '', NULL, 'SYSTEM', 1469334864000, NULL, NULL),
	('9245ecf2-cd13-4e7a-9c25-b5afb45bb413', 'On Model Publish', '9FE824C2-5FB4-4C97-AB47-4FA2E33A1C8B', '1D5ED0C3-C206-4AD3-81CB-896FCCFD8D81', '07E1739D-467E-42BE-8882-DAD8EDB7465B', 'realtrans', 'realanalyticssupport@altisource.com', 'REALAnalytics-PROD@altisource.com', 'ketan.gandhi@altisource.com;ram.malapaka@altisource.com', '', NULL, 'SYSTEM', 1469334864000, NULL, NULL),
	('9245ecf2-cd13-4e7a-9c25-b5afb45bb414', 'Runtime Transaction Failure', '9FE824C2-5FB4-4C97-AB47-4FA2E33A1C9B', '1D5ED0C3-C206-4AD3-81CB-896FCCFD8D82', '07E1739D-467E-42BE-8882-DAD8EDB7465B', 'realtrans', 'realanalyticssupport@altisource.com', 'REALAnalytics-PROD@altisource.com', 'ketan.gandhi@altisource.com;ram.malapaka@altisource.com', '', NULL, 'SYSTEM', 1469334864000, NULL, NULL),
	('9245ecf2-cd13-4e7a-9c25-b5afb45bb415', 'Model Publish Approval', '9FE824C2-5FB4-4C97-AB47-4FA2E33A1C7B', '1D5ED0C3-C206-4AD3-81CB-896FCCFD8D83', '07E1739D-467E-42BE-8882-DAD8EDB7465B', 'realtrans', 'prem.swaroop@altisource.com', 'REALAnalytics-PROD@altisource.com', '', '', NULL, 'SYSTEM', 1469334864000, NULL, NULL),
	('957cdde8-44eb-11e6-beb8-9e71128cae77', 'On Model Publish', '9FE824C2-5FB4-4C97-AB47-4FA2E33A1C8B', '1D5ED0C3-C206-4AD3-81CB-896FCCFD8D81', '07E1739D-467E-42BE-8882-DAD8EDB7465B', 'owners', 'realanalyticssupport@altisource.com', 'REALAnalytics-PROD@altisource.com', 'ketan.gandhi@altisource.com;ram.malapaka@altisource.com', '', NULL, 'SYSTEM', 1469334864000, NULL, NULL),
	('957ce284-44eb-11e6-beb8-9e71128cae77', 'Runtime Transaction Failure', '9FE824C2-5FB4-4C97-AB47-4FA2E33A1C9B', '1D5ED0C3-C206-4AD3-81CB-896FCCFD8D82', '07E1739D-467E-42BE-8882-DAD8EDB7465B', 'owners', 'realanalyticssupport@altisource.com', 'REALAnalytics-PROD@altisource.com', 'ketan.gandhi@altisource.com;ram.malapaka@altisource.com', '', NULL, 'SYSTEM', 1469334864000, NULL, NULL),
	('957ce72a-44eb-11e6-beb8-9e71128cae77', 'Model Publish Approval', '9FE824C2-5FB4-4C97-AB47-4FA2E33A1C7B', '1D5ED0C3-C206-4AD3-81CB-896FCCFD8D83', '07E1739D-467E-42BE-8882-DAD8EDB7465B', 'owners', 'bin.yu@altisource.com', 'REALAnalytics-PROD@altisource.com', '', '', NULL, 'SYSTEM', 1469334864000, NULL, NULL),
	('D74BEB48-33A6-11E6-AC61-9E71128CAE-1', 'Modelet Restart', 'E76CCC0A-33A5-11E6-AC61-9E71128CAE77', 'E76CCF02-33A5-11E6-AC61-9E71128CAE77', '07E1739D-467E-42BE-8882-DAD8EDB7465B', 'rentrange', 'realanalyticssupport@altisource.com', 'REALAnalytics-PROD@altisource.com', 'ketan.gandhi@altisource.com;ram.malapaka@altisource.com', '', NULL, 'SYSTEM', 1465889602000, NULL, NULL);

INSERT INTO `NOTIFICATION_TYPE` (`ID`, `TYPE`, `DESCRIPTION`, `CREATED_BY`, `CREATED_ON`, `LAST_UPDATED_BY`, `LAST_UPDATED_ON`) VALUES
	('07E1739D-467E-42BE-8882-DAD8EDB7465B', 'MAIL', 'Mail notification type', 'SYSTEM', 1469334825000, NULL, NULL),
	('07E1739D-467E-42BE-8882-DAD8EDB7466B', 'SMS', 'SMS notification type', 'SYSTEM', 1469334825000, NULL, NULL);

INSERT INTO `PERMISSIONS` (`Id`, `permission`, `permission_type`, `ui_element_id`) VALUES
	('0b3f9faf-1128-11e6-b9ad-00059a3c7a00', 'Model.Manage.View.DownloadReportTemplate', 'action', 'mv_downloadReportTemplate_div'),
	('1f9461d3-1127-11e6-b9ad-00059a3c7a00', 'Model.Manage.View.DownloadReleaseNotes', 'action', 'mv_downloadModelDoc_div'),
	('8fcbc486-2266-11e6-95fd-00ffbc73cbd1', 'Notifications.Add', 'page', 'notificationAdd'),
	('9d0ee3e9-1126-11e6-b9ad-00059a3c7a00', 'Model.Manage.View.DownloadIODef', 'action', 'mv_downloadModelDefinition_div'),
	('ac8b5c16-1127-11e6-b9ad-00059a3c7a00', 'Model.Manage.View.DownloadManifest', 'action', 'mv_downloadModelManifest_div'),
	('bb866b13-1127-11e6-b9ad-00059a3c7a00', 'Model.Manage.View.DownloadModelPackage', 'action', 'mv_downloadJar_div'),
	('dcd84356-2266-11e6-95fd-00ffbc73cbd1', 'Notifications.Manage', 'page', 'notificationManage'),
	('f4dbd27e-0d39-11e6-8666-00ffbc73cbd1', 'Dashboard.BatchBulk', 'page', 'batchDashboard'),
	('f4dbd448-0d39-11e6-8666-00ffbc73cbd1', 'Dashboard.Transaction.DownloadModelIO', 'action', 'modelIoDownload'),
	('f4dbd4d2-0d39-11e6-8666-00ffbc73cbd1', 'Dashboard.Transaction.DownloadReport', 'action', 'reportGeneration'),
	('f4dbd54c-0d39-11e6-8666-00ffbc73cbd1', 'Dashboard.Transaction.DownloadTenantIO', 'action', 'tenantIoDownload'),
	('f4dbd5b3-0d39-11e6-8666-00ffbc73cbd1', 'Dashboard.Transaction.PayloadField', 'action', 'payloadField'),
	('f4dbd61a-0d39-11e6-8666-00ffbc73cbd1', 'Dashboard.Transaction.Re-run', 'action', 'testBedRedirect'),
	('f4dbd6cb-0d39-11e6-8666-00ffbc73cbd1', 'Lookup.Add', 'page', 'syndicateDataCrud'),
	('f4dbd72e-0d39-11e6-8666-00ffbc73cbd1', 'Lookup.Manage', 'page', 'modelAssumptionList'),
	('f4dbd789-0d39-11e6-8666-00ffbc73cbd1', 'Lookup.Manage.Add', 'action', 'add_vinc'),
	('f4dbd7e0-0d39-11e6-8666-00ffbc73cbd1', 'Lookup.Manage.DataDownload', 'action', 'downloadVersion'),
	('f4dbd836-0d39-11e6-8666-00ffbc73cbd1', 'Lookup.Manage.DefinitionDownload', 'action', 'downloadDefinition'),
	('f4dbd8a5-0d39-11e6-8666-00ffbc73cbd1', 'Dashboard.BatchBulk.DownloadIO', 'action', 'batchTransactionDashboard_search'),
	('f4dbd908-0d39-11e6-8666-00ffbc73cbd1', 'Lookup.Manage.Delete', 'action', 'deleteVersion'),
	('f4dbd96a-0d39-11e6-8666-00ffbc73cbd1', 'Lookup.Manage.Edit', 'action', 'editVersion'),
	('f4dbd9c1-0d39-11e6-8666-00ffbc73cbd1', 'Model.Add', 'page', 'modelPublish'),
	('f4dbda1c-0d39-11e6-8666-00ffbc73cbd1', 'Model.Manage', 'page', 'umgVersionView'),
	('f4dbda73-0d39-11e6-8666-00ffbc73cbd1', 'Model.Manage.AddReportTemplate', 'action', 'vl_uploadTemplate'),
	('f4dbdace-0d39-11e6-8666-00ffbc73cbd1', 'Model.Manage.Deactivate', 'action', 'vl_deactivate'),
	('f4dbdb30-0d39-11e6-8666-00ffbc73cbd1', 'Model.Manage.Delete', 'action', 'vl_deleteVersion'),
	('f4dbdb8b-0d39-11e6-8666-00ffbc73cbd1', 'Model.Manage.EmailPublishApproval', 'action', 'vl_sendPublishApproval'),
	('f4dbdbe2-0d39-11e6-8666-00ffbc73cbd1', 'Model.Manage.ExcelDownload', 'action', 'vl_excelDownload'),
	('f4dbdc39-0d39-11e6-8666-00ffbc73cbd1', 'Model.Manage.ExportVersion', 'action', 'vl_exportVersion'),
	('f4dbdc94-0d39-11e6-8666-00ffbc73cbd1', 'Dashboard.BatchBulk.TerminateBatch', 'action', 'terminnateSelectedItems_id'),
	('f4dbdcf2-0d39-11e6-8666-00ffbc73cbd1', 'Model.Manage.ExportVersionAPI', 'action', 'vl_exportVersnAPI'),
	('f4dbdd49-0d39-11e6-8666-00ffbc73cbd1', 'Model.Manage.Publish', 'action', 'vl_publish'),
	('f4dbdda0-0d39-11e6-8666-00ffbc73cbd1', 'Model.Manage.Test', 'action', 'vl_test'),
	('f4dbddf7-0d39-11e6-8666-00ffbc73cbd1', 'Model.Manage.UpdateMapping', 'action', 'vl_updateMapping'),
	('f4dbde56-0d39-11e6-8666-00ffbc73cbd1', 'Model.Manage.VersionMetric', 'action', 'vl_versionMetric'),
	('f4dbdeac-0d39-11e6-8666-00ffbc73cbd1', 'Model.Manage.View', 'action', 'vl_view'),
	('f4dbdf03-0d39-11e6-8666-00ffbc73cbd1', 'SupportLib.Add', 'page', 'addPackage'),
	('f4dbdf5a-0d39-11e6-8666-00ffbc73cbd1', 'SupportLib.Manage', 'page', 'listPackages'),
	('f4dbdfb1-0d39-11e6-8666-00ffbc73cbd1', 'SupportLib.Manage.DownloadPackages', 'action', 'pl_dwnVer'),
	('f4dbe05f-0d39-11e6-8666-00ffbc73cbd1', 'Dashboard.BatchBulk.Upload', 'action', 'bd_upload'),
	('f4dbe110-0d39-11e6-8666-00ffbc73cbd1', 'Dashboard.Transaction', 'page', 'dashboard'),
	('f4dbe167-0d39-11e6-8666-00ffbc73cbd1', 'Dashboard.Transaction.AdvancedSearch', 'action', 'advancedSearch'),
	('f4dbe1be-0d39-11e6-8666-00ffbc73cbd1', 'Dashboard.Transaction.DownloadExcelUsageReport', 'action', 'TransactionDashboard_downldusgrprt'),
	('f4dbe21d-0d39-11e6-8666-00ffbc73cbd1', 'Dashboard.Transaction.DownloadIOExcel', 'action', 'TransactionDashboard_exprtForRerun'),
	('f4dbe278-0d39-11e6-8666-00ffbc73cbd1', 'Dashboard.Transaction.DownloadIOJson', 'action', 'TransactionDashboard_search');

INSERT INTO `POOL` (`ID`, `POOL_NAME`, `POOL_DESCRIPTION`, `IS_DEFAULT_POOL`, `ENVIRONMENT`, `POOL_STATUS`, `MODELET_COUNT`, `MODELET_CAPACITY`, `PRIORITY`, `WAIT_TIMEOUT`) VALUES
	('1', 'Matlab-Default', 'POOL OF Matlab-Default ', 1, 'Matlab', NULL, 11, '1GB - Linux 64 bit', 1, NULL),
	('2', 'R-Default', 'POOL OF R-Default', 1, 'R', NULL, 1, '4GB - Linux 64 bit', 1, 0);

INSERT INTO `POOL_CRITERIA` (`ID`, `CRITERIA_NAME`, `CRITERIA_PRIORITY`) VALUES
	('1', 'TENANT', 5),
	('2', 'ENVIRONMENT', 1),
	('3', 'ENVIRONMENT_VERSION', 2),
	('4', 'TRANSACTION_TYPE', 7),
	('5', 'TRANSACTION_MODE', 6),
	('6', 'MODEL', 3),
	('7', 'MODEL_VERSION', 4),
	('8', 'CHANNEL', 8);

INSERT INTO `POOL_CRITERIA_DEF_MAPPING` (`ID`, `POOL_ID`, `POOL_CRITERIA_VALUE`) VALUES
	('1', '1', '#TENANT# = Any & #ENVIRONMENT# = Matlab & #ENVIRONMENT_VERSION# = 7.16 & #TRANSACTION_TYPE# = Any & #MODEL# = Any & #MODEL_VERSION# = Any & #TRANSACTION_MODE# = Any & #CHANNEL# = Any'),
	('2', '2', '#TENANT# = Any & #ENVIRONMENT# = R & #ENVIRONMENT_VERSION# = 3.2.1 & #TRANSACTION_TYPE# = Any & #MODEL# = Any & #MODEL_VERSION# = Any & #TRANSACTION_MODE# = Any & #CHANNEL# = Any');

INSERT INTO `POOL_USAGE_ORDER` (`ID`, `POOL_ID`, `POOL_USAGE_ID`, `POOL_TRY_ORDER`) VALUES
	('1', '1', '1', 1),
	('2', '2', '2', 1);

INSERT INTO `ROLES` (`ROLE`, `Id`) VALUES
	('ROLE_ADMIN', '87f01f20-e912-4549-80ba-93fec1b4d756'),
	('ROLE_MODELER', 'f298ca03-23f5-11e6-a547-00ffde411c75'),
	('ROLE_SUPER_ADMIN', '028f1293-cbc5-40b9-beba-c53929e6ac33'),
	('ROLE_TENANT_USER', '03245535-23f6-11e6-a547-00ffde411c75');

INSERT INTO `SYSTEM_KEY` (`ID`, `SYSTEM_KEY`, `KEY_TYPE`, `CREATED_BY`, `CREATED_ON`, `LAST_UPDATED_BY`, `LAST_UPDATED_ON`) VALUES
	('05a68810-e6f9-11e3-a68a-82687f4fc15c', 'DRIVER', 'DATABASE', 'SYSTEM', 1401344421, 'SYSTEM', 1401344421),
	('05be454a-e6f9-11e3-a68a-82687f4fc15c', 'URL', 'DATABASE', 'SYSTEM', 1401344421, 'SYSTEM', 1401344421),
	('05be454a-e6f9-11e3-a68a-82687f4fcx15', 'maxIdleTime', 'DATABASE', 'SYSTEM', 1401344421, 'SYSTEM', 1401344421),
	('05be454a-e6f9-11e3-a68a-82687f4fcx16', 'minPoolSize', 'DATABASE', 'SYSTEM', 1401344421, 'SYSTEM', 1401344421),
	('05be454a-e6f9-11e3-a68a-82687f4fcx17', 'maxPoolSize', 'DATABASE', 'SYSTEM', 1401344421, 'SYSTEM', 1401344421),
	('05be4a2c-e6f9-11e3-a68a-82687f4fc15c', 'SCHEMA', 'DATABASE', 'SYSTEM', 1401344421, 'SYSTEM', 1401344421),
	('05be4fe0-e6f9-11e3-a68a-82687f4fc15c', 'USER', 'DATABASE', 'SYSTEM', 1401344421, 'SYSTEM', 1401344421),
	('05be5350-e6f9-11e3-a68a-82687f4fc15c', 'PASSWORD', 'DATABASE', 'SYSTEM', 1401344421, 'SYSTEM', 1401344421),
	('15a69810-e665-12e3-b687-98654f4fc15c', 'BATCH_ENABLED', 'TENANT', 'SYSTEM', 1401344421, 'SYSTEM', 1401344421),
	('1A2F140D-B8C1-4CE7-9857-8092C5964653', 'FTP_HOST', 'FTP_BATCH_WRAPPER', 'SYSTEM', 1401344421, 'SYSTEM', 1401344421),
	('1A2F140D-B8C1-4CE7-9857-8092C8512653', 'FTP_OUTPUT_FOLDER', 'FTP_BATCH_WRAPPER', 'SYSTEM', 1401344421, 'SYSTEM', 1401344421),
	('6EDF46E9-288D-4787-B993-3B5A3B2C2019', 'FTP_INPUT_FOLDER', 'FTP_BATCH_WRAPPER', 'SYSTEM', 1401344421, 'SYSTEM', 1401344421),
	('74246ec4-fac2-11e3-801d-b2227cce2b54', 'RUNTIME_BASE_URL', 'TENANT', 'SYSTEM', 1401344421, 'SYSTEM', 1401344421),
	('74246ec4-fac3-11e3-801d-b2227cce2c54', 'COLUMN_IDENTIFIERS', 'STRING,VARCHAR,DECIMAL,DOUBLE,BIT,INTEGER, INT, SMALLINT, TINYINT, MEDIUMINT, BIGINT,TIMESTAMP,TIME,YEAR,DATETIME,DATE', 'SYSTEM', 1401344421, 'SYSTEM', 1401344421),
	('742491a8-fac2-11e3-801d-b2227cce2b54', 'EXCEL', 'PLUGIN', 'SYSTEM', 1401344421, 'SYSTEM', 1401344421),
	('76ea853d-7479-4d25-87fc-cb899043a9e5', 'maxConnectionAge', 'DATABASE', 'SYSTEM', 1401344421, 'SYSTEM', 1401344421),
	('92F88437-8F5F-4FC7-81CE-B0F88137A4B4', 'FTP', 'TENANT_WRAPPER', 'SYSTEM', 1401344421, 'SYSTEM', 1401344421),
	('9f4a1bad-8dcd-4197-846f-cdd20dee020f', 'defaultAutoCommit', 'DATABASE', 'SYSTEM', 1401344421, 'SYSTEM', 1401344421),
	('C96144C4-21FA-462E-B9A6-4E1A23E95365', 'FTP_ARCHIVE_FOLDER', 'FTP_BATCH_WRAPPER', 'SYSTEM', 1401344421, 'SYSTEM', 1401344421),
	('C96144C4-21FA-462E-B9A6-4E1A23E98659', 'FTP_PASSWORD', 'FTP_BATCH_WRAPPER', 'SYSTEM', 1401344421, 'SYSTEM', 1401344421),
	('F6F8B3E8-9F5B-42EA-A679-852DFC0C86FB', 'FTP_USER_NAME', 'FTP_BATCH_WRAPPER', 'SYSTEM', 1401344421, 'SYSTEM', 1401344421),
	('F6F8B3E8-9F5B-42EA-A679-925DFC0C86FB', 'FTP_ERROR_FOLDER', 'FTP_BATCH_WRAPPER', 'SYSTEM', 1401344421, 'SYSTEM', 1401344421),
	('F6F8B3E8-9F5B-42EA-A680-925DFC0C86FB', 'FTP_PORT', 'FTP_BATCH_WRAPPER', 'SYSTEM', 1401344421, 'SYSTEM', 1401344421),
	('a2dd8479-6a69-4ba5-b439-8c003bf1a7fe', 'connectionTimeout', 'DATABASE', 'SYSTEM', 1401344421, 'SYSTEM', 1401344421),
	('d0b1e82d-5157-11e6-a162-005056856601', 'BULK_ENABLED', 'TENANT', 'SYSTEM', 1469334828, 'SYSTEM', 1469334828),
	('d0b57495-5157-11e6-a162-005056856601', 'EMAIL_NOTIFICATIONS_ENABLED', 'TENANT', 'SYSTEM', 1469334828, 'SYSTEM', 1469334828),
	 (UUID(),'ModelOutput_Validation','TENANT','SYSTEM',UNIX_TIMESTAMP(),'SYSTEM',UNIX_TIMESTAMP());

INSERT INTO `SYSTEM_PARAMETER` (`ID`, `SYS_KEY`, `DESCRIPTION`, `SYS_VALUE`, `IS_ACTIVE`, `CREATED_BY`, `CREATED_ON`, `LAST_UPDATED_BY`, `LAST_UPDATED_ON`) VALUES
	('094B30C4-9778-4A12-8EE6-81723C958CB6', 'batch.threadPoolSize', NULL, '10', 'Y', 'system', 1417439330020, 'system', 1417439330020),
	('094B30C4-9778-4A12-8EE6-81723C958CB7', 'MATLAB_MAX_MODELET_COUNT', NULL, '8', 'Y', 'system', 1417439330020, 'system', 1417439330020),
	('094B30C4-9778-4A12-8EE6-81723C958CB8', 'R_MAX_MODELET_COUNT', NULL, '6', 'Y', 'system', 1417439330020, 'system', 1417439330020),
	('094B30C4-9778-4A12-8EE6-81723C958CC1', 'MATLAB_MIN_MODELET_COUNT', NULL, '4', 'Y', 'system', 1417439330020, 'system', 1417439330020),
	('094B30C4-9778-4A12-8EE6-81723C958CC2', 'R_MIN_MODELET_COUNT', NULL, '2', 'Y', 'system', 1417439330020, 'system', 1417439330020),
	('0a4d6264-ef3f-41d4-9f9a-8a01721d3623', 'umg-runtime-context', NULL, '/umg-runtime', 'Y', 'system', 1415354329490, 'system', 1415354329490),
	('24ead742-b6d0-4775-ab78-3daf42026c1a', 'sanBase', NULL, '/sanpath', 'Y', 'system', 1415354329490, 'system', 1415354329490),
	('2d1ebba5-f8ca-4e58-9769-62deb6274e7f', 'system-exception-error-code-pattern', NULL, 'RSE', 'Y', 'system', 1415354329490, 'system', 1415354329490),
	('523bd356-f69b-49a1-92d5-171945dd16dd', 'ftp-deploy-api', NULL, '/api/batch/ftp/deploy', 'Y', 'system', 1415354329490, 'system', 1415354329490),
	('523bd356-f69b-49a1-92d5-171960dd16dd', 'version-deploy-api', NULL, '/api/deployment/deploy', 'Y', 'system', 1415354329490, 'system', 1415354329490),
	('52be9e19-5be0-4407-a096-3dabf160a0b7', 'model-exception-error-code-pattern', NULL, 'RME', 'Y', 'system', 1415354329490, 'system', 1415354329490),
	('5a90b098-5fc7-46aa-9907-8098efbace10', 'MODELET_RESTART_DELAY', NULL, '120000', 'Y', 'system', 1435816777, 'Adarsh.Berra@altisource.com', 1448274198621),
	('5d803a0e-ef62-11e5-9ce9-5e5517507c66', 'TRACK_METRICS', 'Track Metrics', 'true', 'Y', 'SYSTEM', 1401344421, 'SYSTEM', 1401344421),
	('67577854-0203-4404-843B-0E7F90E67F2', 'max-wait-time-advance-search', NULL, '30000', 'Y', 'system', 1417439330020, 'mishsant.rrn@altisource.com', 1469342159039),
	('72a059cc-0069-4a42-8f18-a3de8e3c443c', 'RECORD_LIMIT', NULL, '50000', 'Y', 'system', 1415354329490, 'system', 1415354329490),
	('744EBBAC-3916-412E-BB5A-0E559930853B', 'batch-deploy-api', NULL, '/api/batch/deploy', 'Y', 'system', 1417439330020, 'system', 1417439330020),
	('789B7B7F-192A-4BD4-B156-BEDF9C1A00EA', 'timeout', NULL, '60000', 'Y', 'system', 1417439330020, 'system', 1417439330020),
	('882AC8C3-9AC0-4953-9A28-541D784C51C5', 'bulk-test-exec', NULL, '1', 'Y', 'system', 1417439330020, 'system', 1417439330020),
	('89f880df-8de0-11e5-927e-00ffde411c75', 'BATCH_DSHBRD_SELECTN_RECRD_CNT_LIMIT', 'count to set the max number of records allowed to be selected for batch download', '5', 'Y', 'system', 1417439330020, 'system', 1417439330020),
	('911DD83E-C514-466A-8768-DED5DAADCC25', 'me2URL', NULL, 'http://10.52.90.134/umg-me2/modelExecEngine/execute', 'Y', 'system', 1417439330020, 'ranganas@altisource.com', 1450224547766),
	('911DD83E-C514-466A-8768-DED5DAADCC29', 'baseReportURL', 'Base Report URL', 'https://realanalytics.modeloncloud.com/umg-api', 'Y', 'system', 1417439330020, 'Subhransu.Sahoo@altisource.com', 1456635511137),
	('951BFFFE-89D6-4701-9241-29C64B90EA5E', 'uploadFileTempPath', NULL, 'temp', 'Y', 'system', 1435816777, 'system', 1435816787),
	('9bc66734-403f-4adb-b37b-a42756f0eb7c', 'ftp-undeploy-api', NULL, '/api/batch/ftp/undeploy', 'Y', 'system', 1415354329490, 'system', 1415354329490),
	('9bc66734-403f-4adb-b37b-a42892f0eb7c', 'version-undeploy-api', NULL, '/api/deployment/undeploy', 'Y', 'system', 1415354329490, 'system', 1415354329490),
	('E69889C1-B81B-4993-93C4-2CA59F7FD78D', 'batch-undeploy-api', NULL, '/api/batch/undeploy', 'Y', 'system', 1417439330020, 'system', 1417439330020),
	('E9F564AC-7FE3-48F1-8188-BFA5034C1AA6', 'MODELET_EXEC_TIME_LIMIT', 'LIMIT FOR MODEL EXECUTION TIME', '300', 'Y', 'SYSTEM', 1465809887, 'SYSTEM', 1465809901),
	('ED43C133-A673-4F98-9054-149B2C7F0694', 'retryCount', NULL, '2', 'Y', 'system', 1417439330020, 'system', 1417439330020),
	('FFB80A23-2AF8-4E2F-B3A3-57D3B324B882', 'max-wait-time-primary-search', NULL, '30000', 'Y', 'system', 1417439330020, 'mishsant.rrn@altisource.com', 1469342145815),
	('a27df8df-1564-448d-8234-fea06b0b8b50', 'version-test-api', NULL, '/api/deployment/test/', 'Y', 'system', 1415354329490, 'system', 1415354329490),
	('a44071e2-5c1f-45ac-b64c-143b3546767z', 'batch-timeout', NULL, '300000', 'Y', 'system', 1415354329490, 'system', 1415354329490),
	('a44071e2-5c1f-45ac-b64c-143b3547072b', 'umg-runtime-pwd', NULL, 'admin', 'Y', 'system', 1415354329490, 'system', 1415354329490),
	('af5d85e1-47f5-4adc-a77b-1e6bdda18d6f', 'RA_API_RECORD_LIMIT_METADATA_ONLY', 'count to set the number of records returned for ra api metadata only', '2000', 'Y', 'system', 1417439330020, 'system', 1417439330020),
	('af5e85e1-47k5-4ahc-106bdda18d27x', 'UMG_ADMIN_URL', 'UMG ADMIN URL', 'https://realanalytics.modeloncloud.com/umg-admin', 'Y', 'SYSTEM', 1469334825000, 'Adarsh.Berra@altisource.com', 1469337263053),
	('af5e85e1-47k5-4ahc-106bdda18d69x', 'FROM_ADDRESS', 'From address for tenant added', 'REALAnalyticsSupport@altisource.com', 'Y', NULL, 1469334825000, 'Adarsh.Berra@altisource.com', 1469337320753),
	('af5e85e1-47k5-4ahc-9e6bdda18d77x', 'NOTIFICATION_TEMPLATE_DIR', 'NOTIFICATION_TEMPLATE_DIR', '/usr/tmp/', 'Y', 'SYSTEM', 1469334825000, 'SYSTEM', 1469334825000),
	('af5e85e1-47k5-4ahc-9e6bdda18d88x', 'SMTP_HOST_NAME', 'SMTP Server Host Name', 'mail02.svc.mia.vz.altidev.net', 'Y', 'SYSTEM', 1469334825000, 'SYSTEM', 1469334825000),
	('af5e85e1-47k5-4ahc-9e6bdda18d99x', 'SMTP_SERVER', 'SMTP Server', 'mail02.svc.mia.vz.altidev.net', 'Y', 'SYSTEM', 1469334825000, 'SYSTEM', 1469334825000),
	('af5e85e1-47k5-4ahc-a74b-9e6bdda18d6v', 'RA_API_RECORD_LIMIT_TENANT_OUT_ONLY', 'count to set the number of records returned for ra api when tenant output is to be fetched', '200', 'Y', 'system', 1417439330020, 'system', 1417439330020),
	('af5e85e1-47k5-4ahc-a74b-9e6bdda18d6x', 'MODEL_SIZE_REDUCTION', 'Reduce the size of the Model IO', 'false', 'Y', 'system', 1417439330020, 'system', 1417439330020),
	('bfd36024-6763-11e5-9c00-00ffbc73cbd1', 'JMX_MODELET_PORT_MAPPING', NULL, '7900-9010|7901-9011|7902-9012|7903-9013|7904-9014|7905-9015|7906-9016|7907-9017|7908-9018|7909-9019', 'Y', 'system', 1435816777, 'Subhransu.Sahoo@altisource.com', 1459073804742),
	('cab8f2ef-8ce4-11e5-bf86-00ffde411c75', 'TRAN_DSHBRD_SELECTN_RECRD_CNT_LIMIT', 'count to set the max number of records allowed to be selected for download', '100', 'Y', 'system', 1417439330020, 'system', 1417439330020),
	('cab8f2ef-8ce4-11e5-bf86-00ffde411c99', 'STRINGS_AS_FACTORS', 'Boolean flag for stringsAsFactors', 'false', 'Y', 'system', 1417439330020, 'system', 1417439330020),
	('d3aca61f-4fad-11e5-bee2-00ffbc73cbd1', 'SSH_PORT', NULL, '22', 'Y', 'SYSTEM', 20150831122930, NULL, NULL),
	('d3bc69ed-4fad-11e5-bee2-00ffbc73cbd1', 'SSH_USER', NULL, 'root', 'Y', 'SYSTEM', 20150831122931, NULL, NULL),
	('d3c40561-4fad-11e5-bee2-00ffbc73cbd1', 'SSH_PASSWORD', NULL, '', 'Y', 'SYSTEM', 20150831122931, NULL, NULL),
	('d3cc24ff-4fad-11e5-bee2-00ffbc73cbd1', 'SSH_IDENTITY', NULL, '/root/.ssh/id_rsa', 'Y', 'SYSTEM', 20150831122931, NULL, NULL),
	('d3ce07d9-b0b7-4a3c-8f84-722278ecb2f2', 'umg-runtime-username', NULL, 'admin', 'Y', 'system', 1415354329490, 'system', 1415354329490),
	('d3ck07h9-b0f7-4a2c-8u84-526238ecb2g8', 'umg-admin-schema', NULL, 'umg_admin', 'Y', 'system', 1415354329490, 'system', 1415354329490),
	('f80c748f-1a63-443e-a7db-4414abefeb0a', 'validation-error-code-pattern', NULL, 'RVE', 'Y', 'system', 1415354329490, 'system', 1415354329490),
	('fbfeedd1-4fad-11e5-bee2-00ffbc73cbd1', 'R_MODELET_STARTUP_SCRIPT', NULL, 'export LD_LIBRARY_PATH=/usr/lib64/R/library/rJava/jri:/usr/lib64/R/lib:/usr/lib/jvm/java-1.7.0-openjdk-1.7.0.85.x86_64/jre/lib/amd64/server;export JAVA_HOME=/usr/bin/java;export R_HOME=/usr/lib64/R;tar -zcvf /opt/umg/log_backup/#port#_`date +%Y%m%d_%H%M%S`.tar.gz #port#.out;nohup java -XX:+UseConcMarkSweepGC -XX:+UseParNewGC -XX:CMSInitiatingOccupancyFraction=70 -XX:+UseCMSInitiatingOccupancyOnly -XX:MaxPermSize=256m -Xmx3072m  -Dlogroot=#port# -Dloglevel=error -Dport=#port# -DserverType=#serverType# -DsanPath=/sanpath -Dworkspace=/opt/umg/matlab_workspace -DLog4jContextSelector=org.apache.logging.log4j.core.async.AsyncLoggerContextSelector -DisThreadContextMapInheritable=true -Dcom.sun.management.jmxremote -Dcom.sun.management.jmxremote.port=#JMX_PORT# -Dcom.sun.management.jmxremote.ssl=false -Dcom.sun.management.jmxremote.authenticate=false -Dlog4j.configurationFile=file:/opt/raconf/log4j2.xml -Dhazelcast.config=/opt/raconf/hazelcast-config.xml -DhttpConnectionPooling.properties=file:/opt/raconf/httpConnectionPooling.properties -DrunMatlab=#runMatlab# -DrunR=#runR# -jar /opt/umg/modelet.one-jar.jar > /opt/umg/#port#.out 2>&1 &', 'Y', 'SYSTEM', 20150831123038, 'Adarsh.Berra@altisource.com', 1469526455503);

INSERT INTO `TENANT` (`ID`, `NAME`, `DESCRIPTION`, `CODE`, `TENANT_TYPE`, `CREATED_BY`, `CREATED_ON`, `LAST_UPDATED_BY`, `LAST_UPDATED_ON`) VALUES
	('a76982d0-311e-49c5-a0a8-fee261e92932', 'Equator', 'Equator', 'equator', 'both', 'SYSTEM', 1401344421, 'SYSTEM', 1401344421);
	
INSERT INTO `AUTHTOKEN` (`ID`, `TENANT_ID`, `AUTH_CODE`, `ACTIVE_FROM`, `ACTIVE_UNTIL`, `STATUS`, `COMMENT`, `CREATED_ON`, `CREATED_BY`, `LAST_UPDATED_BY`, `LAST_UPDATED_ON`) VALUES ('aa12f293-951d-11e6-9d12-00ff215acb8d', 'a76982d0-311e-49c5-a0a8-fee261e92932', 'Ffqt/JiOQNNTHs7camlIjIbYZgdVdPF77dv+EZdVAse4P3m9MIIDh4b7ujeh6+dj', 1464697952390, 1496147552390, 'Active', 'pre-activated', 1464331168000, 'user', 'user', 1464697952447);

INSERT INTO `TENANT_CONFIG` (`ID`, `TENANT_ID`, `SYSTEM_KEY_ID`, `CONFIG_VALUE`, `CREATED_BY`, `CREATED_ON`, `LAST_UPDATED_BY`, `LAST_UPDATED_ON`, `ROLE`) VALUES
	('06523f08-541a-46ad-bebd-f564df31f566', 'a76982d0-311e-49c5-a0a8-fee261e92932', 'F6F8B3E8-9F5B-42EA-A680-925DFC0C86FB', '221', 'SYSTEM', 1401344421, 'SYSTEM', 1401344421, NULL),
	('0b835a44-45b5-44b7-b297-f2ebbdc4c38a', 'a76982d0-311e-49c5-a0a8-fee261e92932', 'C96144C4-21FA-462E-B9A6-4E1A23E95365', 'archive', 'SYSTEM', 1401344421, 'SYSTEM', 1401344421, NULL),
	('0bb02250-8ed4-4d14-8e4c-8ec1cf58f2ec', 'a76982d0-311e-49c5-a0a8-fee261e92932', '92F88437-8F5F-4FC7-81CE-B0F88137A4B4', 'false', 'SYSTEM', 1401344421, 'SYSTEM', 1401344421, NULL),
	('37adb00b-ecdd-11e5-9106-00ffbc73cbd1', 'a76982d0-311e-49c5-a0a8-fee261e92932', '05be454a-e6f9-11e3-a68a-82687f4fcx16', NULL, 'SYSTEM', 1401344421, 'mishsant.rrn@altisource.com', 1469337973412, NULL),
	('3a1b8fca-59a6-4793-90ed-973241ecdbc2', 'a76982d0-311e-49c5-a0a8-fee261e92932', 'd0b57495-5157-11e6-a162-005056856601', 'true', 'mishsant.rrn@altisource.com', 1469337973384, 'mishsant.rrn@altisource.com', 1469337973384, NULL),
	('3c77bdbf-54bf-4b19-9694-76be7af16d11', 'a76982d0-311e-49c5-a0a8-fee261e92932', 'd0b1e82d-5157-11e6-a162-005056856601', NULL, 'mishsant.rrn@altisource.com', 1469337973380, 'mishsant.rrn@altisource.com', 1469337973380, NULL),
	('459049f0-ecdd-11e5-9106-00ffbc73cbd1', 'a76982d0-311e-49c5-a0a8-fee261e92932', '05be454a-e6f9-11e3-a68a-82687f4fcx17', '100', 'SYSTEM', 1401344421, 'SYSTEM', 1401344421, NULL),
	('67d2396f-2532-4a56-b46c-1d6919699bd6', 'a76982d0-311e-49c5-a0a8-fee261e92932', 'C96144C4-21FA-462E-B9A6-4E1A23E98659', '', 'SYSTEM', 1401344421, 'SYSTEM', 1401344421, NULL),
	('72bc0134-54f0-48dc-be25-3c66b8aa7190', 'a76982d0-311e-49c5-a0a8-fee261e92932', '6EDF46E9-288D-4787-B993-3B5A3B2C2019', 'input', 'SYSTEM', 1401344421, 'SYSTEM', 1401344421, NULL),
	('89a46f49-b10c-48dd-af96-fc73dbc508c7', 'a76982d0-311e-49c5-a0a8-fee261e92932', 'F6F8B3E8-9F5B-42EA-A679-852DFC0C86FB', '', 'SYSTEM', 1401344421, 'SYSTEM', 1401344421, NULL),
	('8cbb020d-6053-4cd1-b77b-1d6909dd1aa8', 'a76982d0-311e-49c5-a0a8-fee261e92932', '742491a8-fac2-11e3-801d-b2227cce2b54', NULL, 'mishsant.rrn@altisource.com', 1469337973378, 'mishsant.rrn@altisource.com', 1469337973378, NULL),
	('a55180e0-7e08-4b46-9e58-16dad2c2f367', 'a76982d0-311e-49c5-a0a8-fee261e92932', '15a69810-e665-12e3-b687-98654f4fc15c', NULL, 'mishsant.rrn@altisource.com', 1469337973382, 'mishsant.rrn@altisource.com', 1469337973382, NULL),
	('a73a7120-c50c-48b8-a16a-bf744cbe582b', 'a76982d0-311e-49c5-a0a8-fee261e92932', '74246ec4-fac2-11e3-801d-b2227cce2b54', 'http://localhost:8998', 'SYSTEM', 1401344421, 'SYSTEM', 1401344421, NULL),
	('a75a70ad-9418-4e6f-ba10-1cb799879c76', 'a76982d0-311e-49c5-a0a8-fee261e92932', '74246ec4-fac3-11e3-801d-b2227cce2c54', NULL, 'mishsant.rrn@altisource.com', 1469337973387, 'mishsant.rrn@altisource.com', 1469337973387, NULL),
	('aca45361-2b5f-48a1-bd4c-beff4cff4008', 'a76982d0-311e-49c5-a0a8-fee261e92932', 'F6F8B3E8-9F5B-42EA-A679-925DFC0C86FB', 'error', 'SYSTEM', 1401344421, 'SYSTEM', 1401344421, NULL),
	('b4071d69-9c91-4dbb-a2a1-1b581d704085', 'a76982d0-311e-49c5-a0a8-fee261e92932', '1A2F140D-B8C1-4CE7-9857-8092C8512653', 'output', 'SYSTEM', 1401344421, 'SYSTEM', 1401344421, NULL),
	('c8fcd1a2-5e1b-405d-ad75-e17c2812ecb3', 'a76982d0-311e-49c5-a0a8-fee261e92932', '1A2F140D-B8C1-4CE7-9857-8092C5964653', '', 'SYSTEM', 1401344421, 'SYSTEM', 1401344421, NULL),
	('d2e9c894-24bd-4313-8dab-a8276bdc124a', 'a76982d0-311e-49c5-a0a8-fee261e92932', '9f4a1bad-8dcd-4197-846f-cdd20dee020f', 'true', 'SYSTEM', 1401344421, 'SYSTEM', 1401344421, NULL),
	('d4d8b268-da66-4fc8-8b66-c3467366e76b', 'a76982d0-311e-49c5-a0a8-fee261e92932', '76ea853d-7479-4d25-87fc-cb899043a9e5', '0', 'SYSTEM', 1401344421, 'mishsant.rrn@altisource.com', 1469337973413, NULL),
	('d60de758-e6fb-12e3-aab5-82687f4fc15c', 'a76982d0-311e-49c5-a0a8-fee261e92932', '05a68810-e6f9-11e3-a68a-82687f4fc15c', 'com.mysql.jdbc.Driver', 'SYSTEM', 1401344421, 'SYSTEM', 1401344421, NULL),
	('d60dea46-e6fb-12e3-aab5-82687f4fc15c', 'a76982d0-311e-49c5-a0a8-fee261e92932', '05be454a-e6f9-11e3-a68a-82687f4fc15c', 'jdbc:mysql://localhost:3306/ocwen', 'SYSTEM', 1401344421, 'SYSTEM', 1401344421, NULL),
	('d60dec58-e6fb-12e3-aab5-82687f4fc15c', 'a76982d0-311e-49c5-a0a8-fee261e92932', '05be4a2c-e6f9-11e3-a68a-82687f4fc15c', 'Ocwen', 'SYSTEM', 1401344421, 'SYSTEM', 1401344421, NULL),
	('d60dee42-e6fb-12e3-aab5-82687f4fc15c', 'a76982d0-311e-49c5-a0a8-fee261e92932', '05be4fe0-e6f9-11e3-a68a-82687f4fc15c', 'root', 'SYSTEM', 1401344421, 'SYSTEM', 1401344421, NULL),
	('d60df036-e6fb-12e3-aab5-82687f4fc15c', 'a76982d0-311e-49c5-a0a8-fee261e92932', '05be5350-e6f9-11e3-a68a-82687f4fc15c', '', 'SYSTEM', 1401344421, 'SYSTEM', 1401344421, NULL),
	('e4ee6a41-a26f-45d4-b233-023b7d9c34b2', 'a76982d0-311e-49c5-a0a8-fee261e92932', 'a2dd8479-6a69-4ba5-b439-8c003bf1a7fe', '10000', 'SYSTEM', 1401344421, 'SYSTEM', 1401344421, NULL),
	('fac86e54-3dce-4996-ac90-61c9b04b1d7Z', 'a76982d0-311e-49c5-a0a8-fee261e92932', '05be454a-e6f9-11e3-a68a-82687f4fcx15', '28200', 'SYSTEM', 1401344421, 'SYSTEM', 1401344421, NULL);

INSERT INTO `USERS` (`Id`, `USERNAME`, `PASSWORD`, `ENABLED`, `NAME`, `sys_admin`, `OFFICIAL_EMAIL`, `ORGANIZATION`, `COMMENTS`, `CREATED_ON`, `LAST_ACTIVATED_ON`, `LAST_DEACTIVATED_ON`) VALUES
	('6bcc3c3d-0d37-11e6-8666-00ffbc73cbd1', 'sysadmin', '$2a$10$UIj9bc6bUyK40a8cW4Fti..ENb1f88EKOWyC9DCrHtXchVt48.8cK', 1, NULL, 'true', NULL, NULL, NULL, NULL, NULL, NULL);


INSERT INTO `TENANT_ROLES_MAPPING` (`Id`, `roles_id`, `tenant_code`) VALUES ('c36976b0-8afc-11e6-8dce-00ff215acb8d', '87f01f20-e912-4549-80ba-93fec1b4d756', 'equator');
INSERT INTO `TENANT_ROLES_MAPPING` (`Id`, `roles_id`, `tenant_code`) VALUES ('c36976b0-8afc-11e6-8dce-00ff215acb81', 'f298ca03-23f5-11e6-a547-00ffde411c75', 'equator');
INSERT INTO `TENANT_ROLES_MAPPING` (`Id`, `roles_id`, `tenant_code`) VALUES ('c36976b0-8afc-11e6-8dce-00ff215acb83', '03245535-23f6-11e6-a547-00ffde411c75', 'equator');

UPDATE NOTIFICATION_EMAIL_TEMPLATE SET BODY_DEFINITION='<html><body style="font-family: Calibri;">Hi,<br><br>Modelet $modeletHost:$port has been restarted in $environment environment. Please find further details below:<ul><li>Current Pool Name: $poolName</li><li>New Pool Name: $newPoolName</li><li>Restart Time: $modeletRestartTime</li><li>Model Name: $loadedModel & Model Version: $loadedModelVersion prior to restart</li><li>Model Name: $modelToLoad & Model Version: $modelVersionToLoad requested model</li><li>Transactio ID: $transactionId</li><li>Transaction Run Date: $transactionRunDate</li><li>Restart Reason: $reason</li><li># Transaction Processed since last Restart: $execLimit</li><li>Transaction Restart Set-up Count: $restartCount</li></ul><b>Regards,</b><br><b>REALAnalytics Team</b></body></html>' WHERE  NAME='MODELET RESTART TEMPLATE';

INSERT INTO `MODEL_EXEC_PACKAGES` (`ID`, `PACKAGE_NAME`, `PACKAGE_FOLDER`, `PACKAGE_VERSION`, `PACKAGE_TYPE`, `COMPILED_OS`, `CREATED_BY`, `CREATED_ON`, `LAST_UPDATED_BY`, `LAST_UPDATED_ON`, `MODEL_EXEC_ENV_NAME`) VALUES ('08676dcf-1819-4cb9-a95c-d26a76eb12b7', 'compiler', 'compiler', '3.2.0', 'BASE', 'LINUX', 'SYSTEM', 1439966331805, 'SYSTEM', 1439966331805, 'R-3.2.1');
INSERT INTO `MODEL_EXEC_PACKAGES` (`ID`, `PACKAGE_NAME`, `PACKAGE_FOLDER`, `PACKAGE_VERSION`, `PACKAGE_TYPE`, `COMPILED_OS`, `CREATED_BY`, `CREATED_ON`, `LAST_UPDATED_BY`, `LAST_UPDATED_ON`, `MODEL_EXEC_ENV_NAME`) VALUES ('0a594fc4-e7ed-4b46-8610-7fb713253a25', 'utils', 'utils', '3.2.0', 'BASE', 'LINUX', 'SYSTEM', 1439966331851, 'SYSTEM', 1439966331851, 'R-3.2.1');
INSERT INTO `MODEL_EXEC_PACKAGES` (`ID`, `PACKAGE_NAME`, `PACKAGE_FOLDER`, `PACKAGE_VERSION`, `PACKAGE_TYPE`, `COMPILED_OS`, `CREATED_BY`, `CREATED_ON`, `LAST_UPDATED_BY`, `LAST_UPDATED_ON`, `MODEL_EXEC_ENV_NAME`) VALUES ('0bdb8000-7144-4b6a-8f5e-6e130bcbdebb', 'grDevices', 'grDevices', '3.2.0', 'BASE', 'LINUX', 'SYSTEM', 1439966331845, 'SYSTEM', 1439966331845, 'R-3.2.1');
INSERT INTO `MODEL_EXEC_PACKAGES` (`ID`, `PACKAGE_NAME`, `PACKAGE_FOLDER`, `PACKAGE_VERSION`, `PACKAGE_TYPE`, `COMPILED_OS`, `CREATED_BY`, `CREATED_ON`, `LAST_UPDATED_BY`, `LAST_UPDATED_ON`, `MODEL_EXEC_ENV_NAME`) VALUES ('4221d879-1bef-45bd-9c12-2dcbfdd34c40', 'cluster', 'cluster', '2.0.1', 'BASE', 'LINUX', 'SYSTEM', 1439966331826, 'SYSTEM', 1439966331826, 'R-3.2.1');
INSERT INTO `MODEL_EXEC_PACKAGES` (`ID`, `PACKAGE_NAME`, `PACKAGE_FOLDER`, `PACKAGE_VERSION`, `PACKAGE_TYPE`, `COMPILED_OS`, `CREATED_BY`, `CREATED_ON`, `LAST_UPDATED_BY`, `LAST_UPDATED_ON`, `MODEL_EXEC_ENV_NAME`) VALUES ('469527d7-6a95-42a5-8caa-1f2fba24c515', 'nlme', 'nlme', '3.1-120', 'BASE', 'LINUX', 'SYSTEM', 1439966331813, 'SYSTEM', 1439966331813, 'R-3.2.1');
INSERT INTO `MODEL_EXEC_PACKAGES` (`ID`, `PACKAGE_NAME`, `PACKAGE_FOLDER`, `PACKAGE_VERSION`, `PACKAGE_TYPE`, `COMPILED_OS`, `CREATED_BY`, `CREATED_ON`, `LAST_UPDATED_BY`, `LAST_UPDATED_ON`, `MODEL_EXEC_ENV_NAME`) VALUES ('4c58f134-e83e-4bb6-bf39-58635d64c938', 'base', 'base', '3.2.0', 'BASE', 'LINUX', 'SYSTEM', 1439966331850, 'SYSTEM', 1439966331850, 'R-3.2.1');
INSERT INTO `MODEL_EXEC_PACKAGES` (`ID`, `PACKAGE_NAME`, `PACKAGE_FOLDER`, `PACKAGE_VERSION`, `PACKAGE_TYPE`, `COMPILED_OS`, `CREATED_BY`, `CREATED_ON`, `LAST_UPDATED_BY`, `LAST_UPDATED_ON`, `MODEL_EXEC_ENV_NAME`) VALUES ('4da46a69-6d14-4cf5-a37c-595d92386f20', 'KernSmooth', 'KernSmooth', '2.23-14', 'BASE', 'LINUX', 'SYSTEM', 1439966331852, 'SYSTEM', 1439966331852, 'R-3.2.1');
INSERT INTO `MODEL_EXEC_PACKAGES` (`ID`, `PACKAGE_NAME`, `PACKAGE_FOLDER`, `PACKAGE_VERSION`, `PACKAGE_TYPE`, `COMPILED_OS`, `CREATED_BY`, `CREATED_ON`, `LAST_UPDATED_BY`, `LAST_UPDATED_ON`, `MODEL_EXEC_ENV_NAME`) VALUES ('6532dedd-22d5-4391-87b0-1cd056da619d', 'stats4', 'stats4', '3.2.0', 'BASE', 'LINUX', 'SYSTEM', 1439966331803, 'SYSTEM', 1439966331803, 'R-3.2.1');
INSERT INTO `MODEL_EXEC_PACKAGES` (`ID`, `PACKAGE_NAME`, `PACKAGE_FOLDER`, `PACKAGE_VERSION`, `PACKAGE_TYPE`, `COMPILED_OS`, `CREATED_BY`, `CREATED_ON`, `LAST_UPDATED_BY`, `LAST_UPDATED_ON`, `MODEL_EXEC_ENV_NAME`) VALUES ('702074ab-ae0e-4ecd-ae08-4bf05beef253', 'translations', 'translations', '3.2.0', 'BASE', 'LINUX', 'SYSTEM', 1439966331844, 'SYSTEM', 1439966331844, 'R-3.2.1');
INSERT INTO `MODEL_EXEC_PACKAGES` (`ID`, `PACKAGE_NAME`, `PACKAGE_FOLDER`, `PACKAGE_VERSION`, `PACKAGE_TYPE`, `COMPILED_OS`, `CREATED_BY`, `CREATED_ON`, `LAST_UPDATED_BY`, `LAST_UPDATED_ON`, `MODEL_EXEC_ENV_NAME`) VALUES ('7c442040-3d98-459a-a8eb-0feb35bde074', 'Matrix', 'Matrix', '1.2-0', 'BASE', 'LINUX', 'SYSTEM', 1439966331806, 'SYSTEM', 1439966331806, 'R-3.2.1');
INSERT INTO `MODEL_EXEC_PACKAGES` (`ID`, `PACKAGE_NAME`, `PACKAGE_FOLDER`, `PACKAGE_VERSION`, `PACKAGE_TYPE`, `COMPILED_OS`, `CREATED_BY`, `CREATED_ON`, `LAST_UPDATED_BY`, `LAST_UPDATED_ON`, `MODEL_EXEC_ENV_NAME`) VALUES ('83f1df43-7617-4cea-ab02-b7587f0a00f6', 'methods', 'methods', '3.2.0', 'BASE', 'LINUX', 'SYSTEM', 1439966331833, 'SYSTEM', 1439966331833, 'R-3.2.1');
INSERT INTO `MODEL_EXEC_PACKAGES` (`ID`, `PACKAGE_NAME`, `PACKAGE_FOLDER`, `PACKAGE_VERSION`, `PACKAGE_TYPE`, `COMPILED_OS`, `CREATED_BY`, `CREATED_ON`, `LAST_UPDATED_BY`, `LAST_UPDATED_ON`, `MODEL_EXEC_ENV_NAME`) VALUES ('88fca015-81a9-4fb8-ac57-c00635f7d231', 'graphics', 'graphics', '3.2.0', 'BASE', 'LINUX', 'SYSTEM', 1439966331848, 'SYSTEM', 1439966331848, 'R-3.2.1');
INSERT INTO `MODEL_EXEC_PACKAGES` (`ID`, `PACKAGE_NAME`, `PACKAGE_FOLDER`, `PACKAGE_VERSION`, `PACKAGE_TYPE`, `COMPILED_OS`, `CREATED_BY`, `CREATED_ON`, `LAST_UPDATED_BY`, `LAST_UPDATED_ON`, `MODEL_EXEC_ENV_NAME`) VALUES ('9304f6c3-b7cb-4c47-8c04-615fa13871ae', 'MASS', 'MASS', '7.3-40', 'BASE', 'LINUX', 'SYSTEM', 1439966331853, 'SYSTEM', 1439966331853, 'R-3.2.1');
INSERT INTO `MODEL_EXEC_PACKAGES` (`ID`, `PACKAGE_NAME`, `PACKAGE_FOLDER`, `PACKAGE_VERSION`, `PACKAGE_TYPE`, `COMPILED_OS`, `CREATED_BY`, `CREATED_ON`, `LAST_UPDATED_BY`, `LAST_UPDATED_ON`, `MODEL_EXEC_ENV_NAME`) VALUES ('94c2ad2c-57d7-4515-be5e-389768c48e3f', 'datasets', 'datasets', '3.2.0', 'BASE', 'LINUX', 'SYSTEM', 1439966331848, 'SYSTEM', 1439966331848, 'R-3.2.1');
INSERT INTO `MODEL_EXEC_PACKAGES` (`ID`, `PACKAGE_NAME`, `PACKAGE_FOLDER`, `PACKAGE_VERSION`, `PACKAGE_TYPE`, `COMPILED_OS`, `CREATED_BY`, `CREATED_ON`, `LAST_UPDATED_BY`, `LAST_UPDATED_ON`, `MODEL_EXEC_ENV_NAME`) VALUES ('987e0bf9-549c-40e6-97e4-a440778ae4ec', 'tools', 'tools', '3.2.0', 'BASE', 'LINUX', 'SYSTEM', 1439966331832, 'SYSTEM', 1439966331832, 'R-3.2.1');
INSERT INTO `MODEL_EXEC_PACKAGES` (`ID`, `PACKAGE_NAME`, `PACKAGE_FOLDER`, `PACKAGE_VERSION`, `PACKAGE_TYPE`, `COMPILED_OS`, `CREATED_BY`, `CREATED_ON`, `LAST_UPDATED_BY`, `LAST_UPDATED_ON`, `MODEL_EXEC_ENV_NAME`) VALUES ('a14e6c04-36c0-45c9-bc11-683bb5216723', 'nnet', 'nnet', '7.3-9', 'BASE', 'LINUX', 'SYSTEM', 1439966331810, 'SYSTEM', 1439966331810, 'R-3.2.1');
INSERT INTO `MODEL_EXEC_PACKAGES` (`ID`, `PACKAGE_NAME`, `PACKAGE_FOLDER`, `PACKAGE_VERSION`, `PACKAGE_TYPE`, `COMPILED_OS`, `CREATED_BY`, `CREATED_ON`, `LAST_UPDATED_BY`, `LAST_UPDATED_ON`, `MODEL_EXEC_ENV_NAME`) VALUES ('a1a2d282-52a2-4fe2-83ea-00b8f2623859', 'rpart', 'rpart', '4.1-9', 'BASE', 'LINUX', 'SYSTEM', 1439966331814, 'SYSTEM', 1439966331814, 'R-3.2.1');
INSERT INTO `MODEL_EXEC_PACKAGES` (`ID`, `PACKAGE_NAME`, `PACKAGE_FOLDER`, `PACKAGE_VERSION`, `PACKAGE_TYPE`, `COMPILED_OS`, `CREATED_BY`, `CREATED_ON`, `LAST_UPDATED_BY`, `LAST_UPDATED_ON`, `MODEL_EXEC_ENV_NAME`) VALUES ('abcd8972-7a37-4ae7-a223-d768bd8e65c3', 'lattice', 'lattice', '0.20-31', 'BASE', 'LINUX', 'SYSTEM', 1439966331821, 'SYSTEM', 1439966331821, 'R-3.2.1');
INSERT INTO `MODEL_EXEC_PACKAGES` (`ID`, `PACKAGE_NAME`, `PACKAGE_FOLDER`, `PACKAGE_VERSION`, `PACKAGE_TYPE`, `COMPILED_OS`, `CREATED_BY`, `CREATED_ON`, `LAST_UPDATED_BY`, `LAST_UPDATED_ON`, `MODEL_EXEC_ENV_NAME`) VALUES ('b516a2bd-a62a-436f-ab07-595775018b86', 'stats', 'stats', '3.2.0', 'BASE', 'LINUX', 'SYSTEM', 1439966331846, 'SYSTEM', 1439966331846, 'R-3.2.1');
INSERT INTO `MODEL_EXEC_PACKAGES` (`ID`, `PACKAGE_NAME`, `PACKAGE_FOLDER`, `PACKAGE_VERSION`, `PACKAGE_TYPE`, `COMPILED_OS`, `CREATED_BY`, `CREATED_ON`, `LAST_UPDATED_BY`, `LAST_UPDATED_ON`, `MODEL_EXEC_ENV_NAME`) VALUES ('bb2525d9-f08b-4454-b324-db3f06274f46', 'boot', 'boot', '1.3-16', 'BASE', 'LINUX', 'SYSTEM', 1439966331812, 'SYSTEM', 1439966331812, 'R-3.2.1');
INSERT INTO `MODEL_EXEC_PACKAGES` (`ID`, `PACKAGE_NAME`, `PACKAGE_FOLDER`, `PACKAGE_VERSION`, `PACKAGE_TYPE`, `COMPILED_OS`, `CREATED_BY`, `CREATED_ON`, `LAST_UPDATED_BY`, `LAST_UPDATED_ON`, `MODEL_EXEC_ENV_NAME`) VALUES ('d300a73f-2524-4c7e-968c-6156dc326d16', 'grid', 'grid', '3.2.0', 'BASE', 'LINUX', 'SYSTEM', 1439966331846, 'SYSTEM', 1439966331846, 'R-3.2.1');
INSERT INTO `MODEL_EXEC_PACKAGES` (`ID`, `PACKAGE_NAME`, `PACKAGE_FOLDER`, `PACKAGE_VERSION`, `PACKAGE_TYPE`, `COMPILED_OS`, `CREATED_BY`, `CREATED_ON`, `LAST_UPDATED_BY`, `LAST_UPDATED_ON`, `MODEL_EXEC_ENV_NAME`) VALUES ('d522c93a-56dc-495c-8969-c58e407989df', 'parallel', 'parallel', '3.2.0', 'BASE', 'LINUX', 'SYSTEM', 1439966331806, 'SYSTEM', 1439966331806, 'R-3.2.1');
INSERT INTO `MODEL_EXEC_PACKAGES` (`ID`, `PACKAGE_NAME`, `PACKAGE_FOLDER`, `PACKAGE_VERSION`, `PACKAGE_TYPE`, `COMPILED_OS`, `CREATED_BY`, `CREATED_ON`, `LAST_UPDATED_BY`, `LAST_UPDATED_ON`, `MODEL_EXEC_ENV_NAME`) VALUES ('ddf87475-7310-4f5e-9c6f-aca16e410742', 'rJava', 'rJava', '0.9-6', 'BASE', 'LINUX', 'SYSTEM', 1439966331778, 'SYSTEM', 1439966331778, 'R-3.2.1');
INSERT INTO `MODEL_EXEC_PACKAGES` (`ID`, `PACKAGE_NAME`, `PACKAGE_FOLDER`, `PACKAGE_VERSION`, `PACKAGE_TYPE`, `COMPILED_OS`, `CREATED_BY`, `CREATED_ON`, `LAST_UPDATED_BY`, `LAST_UPDATED_ON`, `MODEL_EXEC_ENV_NAME`) VALUES ('e0ed07d4-f3e3-4c83-8dcf-20bf6202e516', 'foreign', 'foreign', '0.8-63', 'BASE', 'LINUX', 'SYSTEM', 1439966331811, 'SYSTEM', 1439966331811, 'R-3.2.1');
INSERT INTO `MODEL_EXEC_PACKAGES` (`ID`, `PACKAGE_NAME`, `PACKAGE_FOLDER`, `PACKAGE_VERSION`, `PACKAGE_TYPE`, `COMPILED_OS`, `CREATED_BY`, `CREATED_ON`, `LAST_UPDATED_BY`, `LAST_UPDATED_ON`, `MODEL_EXEC_ENV_NAME`) VALUES ('e312e64b-6952-422e-bc72-d8ab61c9352b', 'tcltk', 'tcltk', '3.2.0', 'BASE', 'LINUX', 'SYSTEM', 1439966331804, 'SYSTEM', 1439966331804, 'R-3.2.1');
INSERT INTO `MODEL_EXEC_PACKAGES` (`ID`, `PACKAGE_NAME`, `PACKAGE_FOLDER`, `PACKAGE_VERSION`, `PACKAGE_TYPE`, `COMPILED_OS`, `CREATED_BY`, `CREATED_ON`, `LAST_UPDATED_BY`, `LAST_UPDATED_ON`, `MODEL_EXEC_ENV_NAME`) VALUES ('e63f2e4a-e42b-48a5-9f1d-60ad771afa43', 'spatial', 'spatial', '7.3-9', 'BASE', 'LINUX', 'SYSTEM', 1439966331841, 'SYSTEM', 1439966331841, 'R-3.2.1');
INSERT INTO `MODEL_EXEC_PACKAGES` (`ID`, `PACKAGE_NAME`, `PACKAGE_FOLDER`, `PACKAGE_VERSION`, `PACKAGE_TYPE`, `COMPILED_OS`, `CREATED_BY`, `CREATED_ON`, `LAST_UPDATED_BY`, `LAST_UPDATED_ON`, `MODEL_EXEC_ENV_NAME`) VALUES ('f73ac5ba-d679-45dd-b65e-b54d08875a9d', 'class', 'class', '7.3-12', 'BASE', 'LINUX', 'SYSTEM', 1439966331847, 'SYSTEM', 1439966331847, 'R-3.2.1');
INSERT INTO `MODEL_EXEC_PACKAGES` (`ID`, `PACKAGE_NAME`, `PACKAGE_FOLDER`, `PACKAGE_VERSION`, `PACKAGE_TYPE`, `COMPILED_OS`, `CREATED_BY`, `CREATED_ON`, `LAST_UPDATED_BY`, `LAST_UPDATED_ON`, `MODEL_EXEC_ENV_NAME`) VALUES ('f8a37671-5fd4-419f-8371-db1850fb12ab', 'splines', 'splines', '3.2.0', 'BASE', 'LINUX', 'SYSTEM', 1439966331849, 'SYSTEM', 1439966331849, 'R-3.2.1');