INSERT INTO TENANT(ID, NAME, DESCRIPTION, CODE, TENANT_TYPE, CREATED_BY, CREATED_ON, LAST_UPDATED_BY, LAST_UPDATED_ON) VALUES ('b8d75c34-e730-11e3-b953-82687f4fc15c', 'localhost', 'localhost', 'localhost', 'both', 'SYSTEM', 1401344421, 'SYSTEM', 1401344421);
INSERT INTO ADDRESS(ID, TENANT_ID, ADDRESS_1, ADDRESS_2, CITY, STATE, ZIP, COUNTRY, CREATED_BY, CREATED_ON, LAST_UPDATED_BY, LAST_UPDATED_ON) VALUES ('fd18ad80-e730-11e3-b953-82687f4fc15c', 'b8d75c34-e730-11e3-b953-82687f4fc15c', 'localhost', 'address2', 'city', 'state', 'zip', 'country', 'SYSTEM', 1401344421, 'SYSTEM', 1401344421);
INSERT INTO SYSTEM_KEY(ID, SYSTEM_KEY, KEY_TYPE, CREATED_BY, CREATED_ON, LAST_UPDATED_BY, LAST_UPDATED_ON) VALUES ('05a68810-e6f9-11e3-a68a-82687f4fc15c', 'DRIVER', 'DATABASE', 'SYSTEM', 1401344421, 'SYSTEM', 1401344421);
INSERT INTO SYSTEM_KEY(ID, SYSTEM_KEY, KEY_TYPE, CREATED_BY, CREATED_ON, LAST_UPDATED_BY, LAST_UPDATED_ON) VALUES ('05be454a-e6f9-11e3-a68a-82687f4fc15c', 'URL', 'DATABASE', 'SYSTEM', 1401344421, 'SYSTEM', 1401344421);
INSERT INTO SYSTEM_KEY(ID, SYSTEM_KEY, KEY_TYPE, CREATED_BY, CREATED_ON, LAST_UPDATED_BY, LAST_UPDATED_ON) VALUES ('05be4a2c-e6f9-11e3-a68a-82687f4fc15c', 'SCHEMA', 'DATABASE', 'SYSTEM', 1401344421, 'SYSTEM', 1401344421);
INSERT INTO SYSTEM_KEY(ID, SYSTEM_KEY, KEY_TYPE, CREATED_BY, CREATED_ON, LAST_UPDATED_BY, LAST_UPDATED_ON) VALUES ('05be4fe0-e6f9-11e3-a68a-82687f4fc15c', 'USER', 'DATABASE', 'SYSTEM', 1401344421, 'SYSTEM', 1401344421);
INSERT INTO SYSTEM_KEY(ID, SYSTEM_KEY, KEY_TYPE, CREATED_BY, CREATED_ON, LAST_UPDATED_BY, LAST_UPDATED_ON) VALUES ('05be5350-e6f9-11e3-a68a-82687f4fc15c', 'PASSWORD', 'DATABASE', 'SYSTEM', 1401344421, 'SYSTEM', 1401344421);
INSERT INTO TENANT_CONFIG(ID, TENANT_ID, SYSTEM_KEY_ID, CONFIG_VALUE, CREATED_BY, CREATED_ON, LAST_UPDATED_BY, LAST_UPDATED_ON) VALUES ('d4f48c66-e730-11e3-b953-82687f4fc15c', 'b8d75c34-e730-11e3-b953-82687f4fc15c', '05a68810-e6f9-11e3-a68a-82687f4fc15c', 'org.hsqldb.jdbcDriver', 'SYSTEM', 1401344421, 'SYSTEM', 1401344421);
INSERT INTO TENANT_CONFIG(ID, TENANT_ID, SYSTEM_KEY_ID, CONFIG_VALUE, CREATED_BY, CREATED_ON, LAST_UPDATED_BY, LAST_UPDATED_ON) VALUES ('d4f48f5e-e730-11e3-b953-82687f4fc15c', 'b8d75c34-e730-11e3-b953-82687f4fc15c', '05be454a-e6f9-11e3-a68a-82687f4fc15c', 'jdbc:hsqldb:mem:base', 'SYSTEM', 1401344421, 'SYSTEM', 1401344421);
INSERT INTO TENANT_CONFIG(ID, TENANT_ID, SYSTEM_KEY_ID, CONFIG_VALUE, CREATED_BY, CREATED_ON, LAST_UPDATED_BY, LAST_UPDATED_ON) VALUES ('d4f49166-e730-11e3-b953-82687f4fc15c', 'b8d75c34-e730-11e3-b953-82687f4fc15c', '05be4a2c-e6f9-11e3-a68a-82687f4fc15c', 'base', 'SYSTEM', 1401344421, 'SYSTEM', 1401344421);
INSERT INTO TENANT_CONFIG(ID, TENANT_ID, SYSTEM_KEY_ID, CONFIG_VALUE, CREATED_BY, CREATED_ON, LAST_UPDATED_BY, LAST_UPDATED_ON) VALUES ('d4f49350-e730-11e3-b953-82687f4fc15c', 'b8d75c34-e730-11e3-b953-82687f4fc15c', '05be4fe0-e6f9-11e3-a68a-82687f4fc15c', 'SA', 'SYSTEM', 1401344421, 'SYSTEM', 1401344421);
INSERT INTO TENANT_CONFIG(ID, TENANT_ID, SYSTEM_KEY_ID, CONFIG_VALUE, CREATED_BY, CREATED_ON, LAST_UPDATED_BY, LAST_UPDATED_ON) VALUES ('d4f4953a-e730-11e3-b953-82687f4fc15c', 'b8d75c34-e730-11e3-b953-82687f4fc15c', '05be5350-e6f9-11e3-a68a-82687f4fc15c', '', 'SYSTEM', 1401344421, 'SYSTEM', 1401344421);
INSERT INTO SYSTEM_KEY(ID,SYSTEM_KEY,KEY_TYPE,CREATED_BY,CREATED_ON,LAST_UPDATED_BY,LAST_UPDATED_ON) VALUES ('15a69810-e665-12e3-b687-98654f4fc15c','BATCH_ENABLED','TENANT','SYSTEM',1401344421,'SYSTEM',1401344421);
INSERT INTO USERS (Id, username, PASSWORD, enabled, NAME, sys_admin, rf_user, OFFICIAL_EMAIL, ORGANIZATION) VALUES ('54d96444-0ddb-11e6-b9ad-00059a3c7a00', 'superman', '$2a$10$UIj9bc6bUyK40a8cW4Fti..ENb1f88EKOWyC9DCrHtXchVt48.8cK', 1, NULL, 'true', 'false', 'Nagamani.Basa@altisource.com', NULL);
INSERT INTO NOTIFICATION_EVENT (ID, NAME, DESCRIPTION, CLASSIFICATION, CREATED_BY, CREATED_ON, LAST_UPDATED_BY, LAST_UPDATED_ON) VALUES ('9FE824C2-5FB4-4C97-AB47-4FA2E33A1C6B', 'New Tenant Added', 'Mail will be sent when new tenant get added', 'System', 'SYSTEM', 1464594143, NULL, NULL);
INSERT INTO NOTIFICATION_EVENT (ID, NAME, DESCRIPTION, CLASSIFICATION, CREATED_BY, CREATED_ON, LAST_UPDATED_BY, LAST_UPDATED_ON) VALUES ('9FE824C2-5FB4-4C97-AB47-4FA2E33A1C7B', 'Model Publish Approval', 'Mail will be sent when Model is requested to for approval to publish', 'Feature', 'SYSTEM', 1464594143, NULL, NULL);
INSERT INTO NOTIFICATION_EVENT (ID, NAME, DESCRIPTION, CLASSIFICATION, CREATED_BY, CREATED_ON, LAST_UPDATED_BY, LAST_UPDATED_ON) VALUES ('9FE824C2-5FB4-4C97-AB47-4FA2E33A1C8B', 'On Model Publish', 'Mail will be sent when Model is successfully published', 'Feature', 'SYSTEM', 1464594143, NULL, NULL);
INSERT INTO NOTIFICATION_EVENT (ID, NAME, DESCRIPTION, CLASSIFICATION, CREATED_BY, CREATED_ON, LAST_UPDATED_BY, LAST_UPDATED_ON) VALUES ('9FE824C2-5FB4-4C97-AB47-4FA2E33A1C9B', 'Runtime Transaction Failure', 'Mail will be sent when Runtime throws RSV Errors like 807, 804', 'System', 'SYSTEM', 1464594143, NULL, NULL);
INSERT INTO NOTIFICATION_EVENT (ID, NAME, DESCRIPTION, CLASSIFICATION, CREATED_BY, CREATED_ON, LAST_UPDATED_BY, LAST_UPDATED_ON) VALUES ('E3453E48-38DF-4424-A42F-69784A17D11F', 'Excessive Model Exec Time', 'Mail will be sent on excessive model exec time', 'System', 'SYSTEM', 1465810235, 'SYSTEM', 1465810244);
INSERT INTO NOTIFICATION_EVENT (ID, NAME, DESCRIPTION, CLASSIFICATION, CREATED_BY, CREATED_ON, LAST_UPDATED_BY, LAST_UPDATED_ON) VALUES ('E76CCC0A-33A5-11E6-AC61-9E71128CAE77', 'Modelet Restart', 'Mail will be sent when modelet restart command is initiated', 'System', 'SYSTEM', 1465810235, 'SYSTEM', 1465810244);
INSERT INTO NOTIFICATION_TYPE (ID, TYPE, DESCRIPTION, CREATED_BY, CREATED_ON, LAST_UPDATED_BY, LAST_UPDATED_ON) VALUES ('07E1739D-467E-42BE-8882-DAD8EDB7465B', 'MAIL', 'Mail notification type', 'SYSTEM', 1464594143, NULL, NULL);
INSERT INTO NOTIFICATION_EMAIL_TEMPLATE (ID, NOTIFICATION_EVENT_ID, NAME, DESCRIPTION, BODY_DEFINITION, SUBJECT_DEFINITION, IS_ACTIVE, MAJOR_VERSION, MAIL_CONTENT_TYPE, CREATED_BY, CREATED_ON, LAST_UPDATED_BY, LAST_UPDATED_ON) VALUES ('1D5ED0C3-C206-4AD3-81CB-896FCCFD8D81', '9FE824C2-5FB4-4C97-AB47-4FA2E33A1C8B', 'MODEL PUBLISH MAIL TEMPLATE', 'MODEL PUBLISH MAIL TEMPLATE', '<html> <body style="font-family: Calibri;">Hi, <br><br>Following Model has been published in $environment <ul><li>Model Name: $modelName</li><li>Model Published Timestamp: $publishedDate</li><li>Tenant Name: $tenantName</li><li>Approver Name: $publisherName</li> </ul><b>Regards,</b><br><b>REALAnalytics Team</b> </body></html>', 'REALAnalytics $environment: $modelName $modelVersion model published', 1, 1, 'MIME', 'System', 1234567890, NULL, NULL);
INSERT INTO NOTIFICATION_EMAIL_TEMPLATE (ID, NOTIFICATION_EVENT_ID, NAME, DESCRIPTION, BODY_DEFINITION, SUBJECT_DEFINITION, IS_ACTIVE, MAJOR_VERSION, MAIL_CONTENT_TYPE, CREATED_BY, CREATED_ON, LAST_UPDATED_BY, LAST_UPDATED_ON) VALUES ('1D5ED0C3-C206-4AD3-81CB-896FCCFD8D82', '9FE824C2-5FB4-4C97-AB47-4FA2E33A1C9B', 'RUNTIME FAILURE MAIL TEMPLATE', 'RUNTIME FAILURE MAIL TEMPLATE', '<html> <body style="font-family: Calibri;">Hi, <br><br>Following error has been encountered during execution in $environment <ul><li> Tenant Transaction Id: $transactionId </li><li> Execution Time Stamp: $executionTime </li><li> Error Details: $errorCode $errorMessage </li><li> Model Name: $modelName </li><li> Model Version: $modelVersion </li><li> Tenant Name: $tenantName </li></ul><b>Regards,</b><br><b>REALAnalytics Team</b></body></html>', 'REALAnalytics $environment: Transaction error $errorCode for $tenantName tenant', 1, 1, 'MIME', 'System', 1234567890, NULL, NULL);
INSERT INTO NOTIFICATION_EMAIL_TEMPLATE (ID, NOTIFICATION_EVENT_ID, NAME, DESCRIPTION, BODY_DEFINITION, SUBJECT_DEFINITION, IS_ACTIVE, MAJOR_VERSION, MAIL_CONTENT_TYPE, CREATED_BY, CREATED_ON, LAST_UPDATED_BY, LAST_UPDATED_ON) VALUES ('1D5ED0C3-C206-4AD3-81CB-896FCCFD8D83', '9FE824C2-5FB4-4C97-AB47-4FA2E33A1C7B', 'MODEL APPROVAL EVENT TEMPLATE', 'MODEL APPROVAL EVENT TEMPLATE', '<html> <body style="font-family: Calibri;">Hi,<br><br>Following Model is awaiting your approval for publishing in $environment<ul><li>Model Name: $modelName</li><li>Model Version: $modelVersion</li><li>Tenant Name: $tenantName</li><li>Requestor Name: $publisherName</li></ul> Please refer the attached Release Notes for further details about the model. <br> <br>Click on the following link to APPROVE Model for publishing. <br><br> <a href="$modelApprovalURL">Approve Publish Request</a> <br><br>Please Note: For security reasons, do not share this email.<br><br><b>Regards,</b><br><b>REALAnalytics Team</b> </body></html>', 'REALAnalytics $environment: Approval required for $modelName$modelVersion model publishing', 1, 1, 'MIME', 'System', 1234567890, NULL, NULL);
INSERT INTO NOTIFICATION_EMAIL_TEMPLATE (ID, NOTIFICATION_EVENT_ID, NAME, DESCRIPTION, BODY_DEFINITION, SUBJECT_DEFINITION, IS_ACTIVE, MAJOR_VERSION, MAIL_CONTENT_TYPE, CREATED_BY, CREATED_ON, LAST_UPDATED_BY, LAST_UPDATED_ON) VALUES ('1D5ED0C3-C206-4AD3-81CB-896FCCFD8D84', '9FE824C2-5FB4-4C97-AB47-4FA2E33A1C6B', 'NEW TENANT ADDED TEMPLATE', 'NEW TENANT ADDED EVENT TEMPLATE', '<html> <body style="font-family: Calibri;">Hi, <br><br>Following Tenant has been onboarded in $environment <ul><li> Tenant Name: $tenantName </li><li> Tenant Code : $tenantCode </li><li> Batch Enabled:$batchEnabled </li><li> Bulk Enabled : $bulkEnabled </li><li> Email Notifications Enabled : $emailNotificationsEnabled </li><li> Authentication Code: $authenticationCode </li><li> Active From $activeFrom </li><li> Active Until: $activeUntil </li><li> Tenant Onboarded on : $tenantOnboardedOn </li><li> Tenant Onboarded by : $tenantOnboardedBy </li></ul><b>Regards,</b><br><b>REALAnalytics Team</b></body></html>', 'REALAnalytics $environment: Tenant $tenantName added', 1, 1, 'MIME', 'System', 1234567890, NULL, NULL);
INSERT INTO NOTIFICATION_EMAIL_TEMPLATE (ID, NOTIFICATION_EVENT_ID, NAME, DESCRIPTION, BODY_DEFINITION, SUBJECT_DEFINITION, IS_ACTIVE, MAJOR_VERSION, MAIL_CONTENT_TYPE, CREATED_BY, CREATED_ON, LAST_UPDATED_BY, LAST_UPDATED_ON) VALUES ('6259B6AB-C2BC-4720-A997-3C54738BB4A4', 'E3453E48-38DF-4424-A42F-69784A17D11F', 'EXCESSION RUNTIME TEMPLATE', 'EXCESSIVE RUNTIME TEMPLATE', '<html> <body style="font-family: Calibri;">Hi, <br><br>$modelName _ $modelVersion model has been processing a transaction for more than $excessRuntime seconds in  $environment environment.Please find further details below:<br>
<ul><li> Tenant Name: $tenantName </li>
<li>Tenant Transaction Id: $clienttransactionId</li>
<li>RA Transaction Id: $transactionId</li>
<li>Processing Start Time: $modelStartTime</li>
<li>Memory Usage at Processing Start: NA
<li>CPU Usage at Processing Start: NA
<li>Current Memory Usage: NA</li>
<li>Current CPU Usage: NA</li>
<li>Modelet: Server IP:$modeletHost Port :$port NA</li>
<li>Pool Name: $poolName</li>

</ul><b>Regards,</b><br><b>REALAnalytics Team</b></body></html>', 'REALAnalytics $environment: Model $modelName - $modelVersion taking too long to execute', 1, 1, 'MIME', 'System', 1465811587, NULL, NULL);
INSERT INTO NOTIFICATION_EMAIL_TEMPLATE (ID, NOTIFICATION_EVENT_ID, NAME, DESCRIPTION, BODY_DEFINITION, SUBJECT_DEFINITION, IS_ACTIVE, MAJOR_VERSION, MAIL_CONTENT_TYPE, CREATED_BY, CREATED_ON, LAST_UPDATED_BY, LAST_UPDATED_ON) VALUES ('E76CCF02-33A5-11E6-AC61-9E71128CAE77', 'E76CCC0A-33A5-11E6-AC61-9E71128CAE77', 'MODELET RESTART TEMPLATE', 'MODELET RESTART TEMPLATE', '<html><body style="font-family: Calibri;">Hi,<br><br>Modelet $modeletHost:$port has been restarted in $environment environment. Please find further details below:<ul><li>Current Pool Name: $poolName</li><li>New Pool Name: $newPoolName</li><li>Restart Time: $modeletRestartTime</li><li>Model Name: $loadedModel & Model Version: $loadedModelVersion prior to restart</li><li>Model Name: $modelToLoad & Model Version: $modelVersionToLoad requested model</li><li>Transactio ID: $transactionId</li><li>Transaction Run Date: $transactionRunDate</li><li>Restart Reason: $reason</li></ul><b>Regards,</b><br><b>REALAnalytics Team</b></body></html>', 'REALAnalytics $environment: Modelet restarted', 1, 1, 'MIME', 'System', 1465811587, NULL, NULL);
INSERT INTO NOTIFICATION_EVENT_TEMPLATE_MAPPING (ID, NAME, NOTIFICATION_EVENT_ID, NOTIFICATION_TEMPLATE_ID, NOTIFICATION_TYPE_ID, TENANT_ID, TO_ADDRESS, FROM_ADDRESS, CC_ADDRESS, BCC_ADDRESS, MOBILE, CREATED_BY, CREATED_ON, LAST_UPDATED_BY, LAST_UPDATED_ON) VALUES ('02BC91DD-7D4E-4D03-845D-F37ED8FE77-6', 'Excessive Model Exec Time', 'E3453E48-38DF-4424-A42F-69784A17D11F', '6259B6AB-C2BC-4720-A997-3C54738BB4A4', '07E1739D-467E-42BE-8882-DAD8EDB7465B', 'localhost', 'umgqe@altisource.com', 'REALAnalytics-QE@altisource.com', '', '', NULL, 'superman', 1465889602000, NULL, NULL);
INSERT INTO NOTIFICATION_EVENT_TEMPLATE_MAPPING (ID, NAME, NOTIFICATION_EVENT_ID, NOTIFICATION_TEMPLATE_ID, NOTIFICATION_TYPE_ID, TENANT_ID, TO_ADDRESS, FROM_ADDRESS, CC_ADDRESS, BCC_ADDRESS, MOBILE, CREATED_BY, CREATED_ON, LAST_UPDATED_BY, LAST_UPDATED_ON) VALUES ('9245ecf2-cd13-4e7a-9c25-b5afb45bb416', 'On Model Publish', '9FE824C2-5FB4-4C97-AB47-4FA2E33A1C8B', '1D5ED0C3-C206-4AD3-81CB-896FCCFD8D81', '07E1739D-467E-42BE-8882-DAD8EDB7465B', 'localhost', 'umgqe@altisource.com', 'REALAnalytics-QE@altisource.com', '', '', NULL, 'SYSTEM', 1464169240000, 'SYSTEM', 1464169240000);
INSERT INTO NOTIFICATION_EVENT_TEMPLATE_MAPPING (ID, NAME, NOTIFICATION_EVENT_ID, NOTIFICATION_TEMPLATE_ID, NOTIFICATION_TYPE_ID, TENANT_ID, TO_ADDRESS, FROM_ADDRESS, CC_ADDRESS, BCC_ADDRESS, MOBILE, CREATED_BY, CREATED_ON, LAST_UPDATED_BY, LAST_UPDATED_ON) VALUES ('9245ecf2-cd13-4e7a-9c25-b5afb45bb417', 'Runtime Transaction Failure', '9FE824C2-5FB4-4C97-AB47-4FA2E33A1C9B', '1D5ED0C3-C206-4AD3-81CB-896FCCFD8D82', '07E1739D-467E-42BE-8882-DAD8EDB7465B', 'localhost', '', 'REALAnalytics-QE@altisource.com', '', '', NULL, 'SYSTEM', 1464169240000, 'SYSTEM', 1464169240000);
INSERT INTO NOTIFICATION_EVENT_TEMPLATE_MAPPING (ID, NAME, NOTIFICATION_EVENT_ID, NOTIFICATION_TEMPLATE_ID, NOTIFICATION_TYPE_ID, TENANT_ID, TO_ADDRESS, FROM_ADDRESS, CC_ADDRESS, BCC_ADDRESS, MOBILE, CREATED_BY, CREATED_ON, LAST_UPDATED_BY, LAST_UPDATED_ON) VALUES ('9245ecf2-cd13-4e7a-9c25-b5afb45bb418', 'Model Publish Approval', '9FE824C2-5FB4-4C97-AB47-4FA2E33A1C7B', '1D5ED0C3-C206-4AD3-81CB-896FCCFD8D83', '07E1739D-467E-42BE-8882-DAD8EDB7465B', 'localhost', 'umgqe@altisource.com', 'REALAnalytics-QE@altisource.com', '', '', NULL, 'SYSTEM', 1464169240000, 'SYSTEM', 1464169240000);
INSERT INTO NOTIFICATION_EVENT_TEMPLATE_MAPPING (ID, NAME, NOTIFICATION_EVENT_ID, NOTIFICATION_TEMPLATE_ID, NOTIFICATION_TYPE_ID, TENANT_ID, TO_ADDRESS, FROM_ADDRESS, CC_ADDRESS, BCC_ADDRESS, MOBILE, CREATED_BY, CREATED_ON, LAST_UPDATED_BY, LAST_UPDATED_ON) VALUES ('AFB64E56-33A7-11E6-AC61-9E71128CAE-6', 'Excessive Model Exec Time', 'E3453E48-38DF-4424-A42F-69784A17D11F', '6259B6AB-C2BC-4720-A997-3C54738BB4A4', '07E1739D-467E-42BE-8882-DAD8EDB7465B', 'localhost', 'umgqe@altisource.com', 'REALAnalytics-QE@altisource.com', '', '', NULL, 'superman', 1465889602000, NULL, NULL);
INSERT INTO SYSTEM_PARAMETER (id, sys_key, DESCRIPTION, SYS_VALUE, is_active, created_by, created_on, last_updated_by, last_updated_on) VALUES ('24ead742-b6d0-4775-ab78-3daf42026c1a', 'sanBase', NULL, 'C:/', 'Y', 'system', 1415354329490, 'basavakumar.raddi', 1427462565381);


