


-- Dumping structure for table client_app.ra_tnt_tenant
CREATE TABLE IF NOT EXISTS `RA_TNT_TENANT` (
  `ID` char(36) NOT NULL DEFAULT '' COMMENT 'Primary Key',
  `NAME` varchar(100) NOT NULL COMMENT 'Name of the tenant',
  `CODE` varchar(100) NOT NULL COMMENT 'Code assigned to the tenant',
  `AUTH_CODE` varchar(200) NOT NULL COMMENT 'Auth code to connect to RA',
  `CREATED_BY` varchar(100) CHARACTER SET utf8 COLLATE utf8_bin NOT NULL,
  `CREATED_ON` bigint(20) NOT NULL,
  `LAST_UPDATED_BY` varchar(100) CHARACTER SET utf8 COLLATE utf8_bin DEFAULT NULL,
  `LAST_UPDATED_ON` bigint(20) DEFAULT NULL,
  PRIMARY KEY (`ID`),
  UNIQUE KEY `RA_TNT_TENANT_NAME_UN` (`NAME`),
  UNIQUE KEY `RA_TNT_TENANT_CODE_UN` (`CODE`)
);

-- Dumping structure for table client_app.ra_tnt_transactions
CREATE TABLE IF NOT EXISTS `RA_TNT_TRANSACTIONS` (
  `ID` char(36) NOT NULL DEFAULT '' COMMENT 'Primary Key',
  `TENANT_CODE` varchar(50) DEFAULT NULL COMMENT 'Tenant',
  `CLIENT_TRANSACTION_ID` varchar(200) NOT NULL COMMENT 'RA Client transaction id',
  `STATUS` varchar(50) NOT NULL COMMENT 'Status of the transaction',
  `TRANSACTION_DATE` bigint(20) NOT NULL COMMENT 'Transaction date',
  `USER` varchar(50) NOT NULL COMMENT 'User id of the user who performed the transaction',
  `CREATED_BY` varchar(100) CHARACTER SET utf8 COLLATE utf8_bin NOT NULL,
  `CREATED_ON` bigint(20) NOT NULL,
  `LAST_UPDATED_BY` varchar(100) CHARACTER SET utf8 COLLATE utf8_bin DEFAULT NULL,
  `LAST_UPDATED_ON` bigint(20) DEFAULT NULL,
  `MODEL_NAME` varchar(200) DEFAULT NULL,
  `MAJOR_VERSION` int(11) DEFAULT NULL,
  `MINOR_VERSION` int(11) DEFAULT NULL,
  `RA_TRANSACTION_id` varchar(255) DEFAULT NULL,
  PRIMARY KEY (`ID`),
  KEY `RA_TNT_TENANT_TRANSACTIONS_RA_TNT_TENANT_FK` (`TENANT_CODE`)
);

-- Dumping structure for table client_app.ra_tnt_transaction_io
CREATE TABLE IF NOT EXISTS `RA_TNT_TRANSACTION_IO` (
  `ID` char(36) NOT NULL DEFAULT '' COMMENT 'Primary Key',
  `TRANSACTION_ID` char(36) NOT NULL COMMENT 'Transaction Id for which IO belongs to',
  `TRANSACTION_INPUT` blob NOT NULL COMMENT 'Request blob',
  `TRANSACTION_OUTPUT` blob COMMENT 'Response blob',
  `CREATED_BY` varchar(100) CHARACTER SET utf8 COLLATE utf8_bin NOT NULL,
  `CREATED_ON` bigint(20) NOT NULL,
  `LAST_UPDATED_BY` varchar(100) CHARACTER SET utf8 COLLATE utf8_bin DEFAULT NULL,
  `LAST_UPDATED_ON` bigint(20) DEFAULT NULL,
  PRIMARY KEY (`ID`),
  KEY `RA_TNT_TRANSACTION_IO_RA_TNT_TXN_LOG_FK` (`TRANSACTION_ID`),
  CONSTRAINT `RA_TNT_TRANSACTIONS_IO_RA_TNT_TXN_LOG_FK` FOREIGN KEY (`TRANSACTION_ID`) REFERENCES `RA_TNT_TRANSACTIONS` (`ID`)
);

-- Dumping structure for table client_app.ra_tnt_ad_group
CREATE TABLE IF NOT EXISTS `RA_TNT_AD_GROUP` (
  `ID` char(36) NOT NULL DEFAULT '' COMMENT 'Primary Key',
  `GROUP_NAME` varchar(100) DEFAULT NULL COMMENT 'AD group name',
  `TENANT_ID` char(36) DEFAULT NULL COMMENT 'Tenant associated with the AD group',
  `CREATED_BY` varchar(100) CHARACTER SET utf8 COLLATE utf8_bin NOT NULL,
  `CREATED_ON` bigint(20) NOT NULL,
  `LAST_UPDATED_BY` varchar(100) CHARACTER SET utf8 COLLATE utf8_bin DEFAULT NULL,
  `LAST_UPDATED_ON` bigint(20) DEFAULT NULL,
  PRIMARY KEY (`ID`),
  UNIQUE KEY `RA_TNT_AD_GROUP_NAME_UN` (`GROUP_NAME`),
  KEY `RA_TNT_AD_GROUP_RA_TNT_TENANT_FK` (`TENANT_ID`),
  CONSTRAINT `RA_TNT_AD_GROUP_RA_TNT_TENANT_FK` FOREIGN KEY (`TENANT_ID`) REFERENCES `RA_TNT_TENANT` (`ID`)
);

-- Dumping structure for table client_app.ra_tnt_model_detail
CREATE TABLE IF NOT EXISTS `RA_TNT_MODEL_DETAIL` (
  `ID` char(36) NOT NULL DEFAULT '' COMMENT 'Primary Key',
  `NAME` varchar(100) NOT NULL COMMENT 'Name of the model',
  `MAJOR_VERSION` int(11) NOT NULL COMMENT 'Major version of the model',
  `MINOR_VERSION` int(11) DEFAULT NULL COMMENT 'Minor version of the model',
  `TENANT_ID` char(36) NOT NULL COMMENT 'Tenant associated with the model',
  `DESCRIPTION` varchar(100) DEFAULT NULL COMMENT 'Description of the model',
  `CREATED_BY` varchar(100) CHARACTER SET utf8 COLLATE utf8_bin NOT NULL,
  `CREATED_ON` bigint(20) NOT NULL,
  `LAST_UPDATED_BY` varchar(100) CHARACTER SET utf8 COLLATE utf8_bin DEFAULT NULL,
  `LAST_UPDATED_ON` bigint(20) DEFAULT NULL,
  PRIMARY KEY (`ID`),
  UNIQUE KEY `RA_TNT_MODEL_DETAIL_UN` (`NAME`,`MAJOR_VERSION`,`MINOR_VERSION`),
  KEY `RA_TNT_MODEL_DETAIL_RA_TNT_TENANT_FK` (`TENANT_ID`),
  CONSTRAINT `RA_TNT_MODEL_DETAIL_RA_TNT_TENANT_FK` FOREIGN KEY (`TENANT_ID`) REFERENCES `RA_TNT_TENANT` (`ID`)
);

-- Dumping structure for table client_app.ra_tnt_ad_group_model
CREATE TABLE IF NOT EXISTS `RA_TNT_AD_GROUP_MODEL` (
  `ID` char(36) NOT NULL,
  `AD_GROUP_ID` char(36) NOT NULL,
  `MODEL_ID` char(36) NOT NULL,
  `CREATED_BY` varchar(100) NOT NULL,
  `CREATED_ON` bigint(20) NOT NULL,
  `LAST_UPDATED_BY` varchar(100) DEFAULT NULL,
  `LAST_UPDATED_ON` bigint(20) DEFAULT NULL,
  PRIMARY KEY (`ID`),
  KEY `RA_TNT_AD_GROUP_ID_FK` (`AD_GROUP_ID`),
  KEY `RA_TNT_MODEL_ID_FK` (`MODEL_ID`),
  CONSTRAINT `RA_TNT_MODEL_ID_FK` FOREIGN KEY (`MODEL_ID`) REFERENCES `RA_TNT_MODEL_DETAIL` (`ID`),
  CONSTRAINT `RA_TNT_AD_GROUP_ID_FK` FOREIGN KEY (`AD_GROUP_ID`) REFERENCES `RA_TNT_AD_GROUP` (`ID`)
);

-- Dumping structure for table client_app.ra_tnt_apps
CREATE TABLE IF NOT EXISTS `RA_TNT_APPS` (
  `ID` char(36) NOT NULL DEFAULT '' COMMENT 'Primary Key',
  `NAME` varchar(100) NOT NULL COMMENT 'Name of the application.',
  `CODE` VARCHAR(50) NOT NULL COMMENT  'Short name for app',
  `DESCRIPTION` varchar(100) NOT NULL COMMENT 'Short description on application.',
  `APP_LAUNCH_PAGE` varchar(50) NOT NULL COMMENT 'default launch page for app.',
  `APP_LAUNCH_URL` varchar(50) NOT NULL COMMENT 'defualt landing url for app',
  `CREATED_BY` varchar(100) NOT NULL COMMENT 'Record created by',
  `CREATED_ON` bigint(20) NOT NULL COMMENT 'Record created on',
  `LAST_UPDATED_BY` varchar(100) DEFAULT NULL COMMENT 'Record last updated by',
  `LAST_UPDATED_ON` bigint(20) DEFAULT NULL COMMENT 'Record last updated on',
  PRIMARY KEY (`ID`),
  UNIQUE KEY `STATIC_APPS_NAME_UN` (`NAME`),
  UNIQUE KEY `STATIC_APPS_CODE_UN` (`CODE`)
) COMMENT='Holds list of static applications supported by RA client.';

-- Dumping structure for table client_app.ad_group_app_mapping
CREATE TABLE IF NOT EXISTS `AD_GROUP_APP_MAPPING` (
  `ID` char(36) NOT NULL DEFAULT '',
  `AD_GROUP_ID` char(36) DEFAULT NULL,
  `APP_ID` char(36) DEFAULT NULL,
  `CREATED_BY` varchar(100) NOT NULL,
  `CREATED_ON` bigint(20) NOT NULL,
  `LAST_UPDATED_BY` varchar(100) DEFAULT NULL,
  `LAST_UPDATED_ON` bigint(20) DEFAULT NULL,
  PRIMARY KEY (`ID`),
  KEY `STATIC_APP_MAP_AD_GROUP_ID_FK` (`AD_GROUP_ID`),
  KEY `APP_ID_FK` (`APP_ID`),
  CONSTRAINT `AD_GROUP_APP_MAP_FK` FOREIGN KEY (`AD_GROUP_ID`) REFERENCES `RA_TNT_AD_GROUP` (`ID`),
  CONSTRAINT `APP_ID_FK` FOREIGN KEY (`APP_ID`) REFERENCES `RA_TNT_APPS` (`ID`)
);


-- Dumping structure for table client_app.ra_tnt_app_params
CREATE TABLE IF NOT EXISTS `RA_TNT_APP_PARAMS` (
  `ID` char(36) NOT NULL DEFAULT '' COMMENT 'Primary Key',
  `RA_TNT_APP_ID` char(36) NOT NULL COMMENT 'Static application id ',
  `ATTR_KEY` varchar(100) NOT NULL COMMENT 'Parameter key',
  `ATTR_VALUE` varchar(4500) DEFAULT NULL,
  `CLASSIFICATION` VARCHAR(5) NULL,
  `CREATED_BY` varchar(100) NOT NULL,
  `CREATED_ON` bigint(20) NOT NULL,
  `LAST_UPDATED_BY` varchar(100) DEFAULT NULL,
  `LAST_UPDATED_ON` bigint(20) DEFAULT NULL,
  PRIMARY KEY (`ID`),
  KEY `RA_TNT_APP_ID_FK` (`RA_TNT_APP_ID`),
  CONSTRAINT `RA_TNT_APP_ID_FK` FOREIGN KEY (`RA_TNT_APP_ID`) REFERENCES `RA_TNT_APPS` (`ID`)
) COMMENT='Holds configurable parameters used by the RA tenant applications ';


CREATE TABLE IF NOT EXISTS `SPCL_SERVICING_INVESTOR_FILES` (
	`ID` CHAR(36) NOT NULL DEFAULT '',
	`UPLOADED_FILE_NAME` VARCHAR(100) NOT NULL,
	`ACTIVE` TINYINT(1) NOT NULL,
	`CREATED_BY` VARCHAR(100) NOT NULL,
	`CREATED_ON` BIGINT(20) NOT NULL,
	`LAST_UPDATED_BY` VARCHAR(100) NULL DEFAULT NULL,
	`LAST_UPDATED_ON` BIGINT(20) NULL DEFAULT NULL,
	PRIMARY KEY (`ID`)
);

CREATE TABLE IF NOT EXISTS `SPCL_SERVICING_INVESTORS` (
	`ID` CHAR(36) NOT NULL DEFAULT '',
	`SS_INVESTOR_FILE_ID` CHAR(36) NOT NULL DEFAULT '',
	`INVESTOR_CODE` VARCHAR(20) NOT NULL COMMENT 'ASPSClientId from excel file',
	`INVESTOR_NAME` VARCHAR(100) NOT NULL,
	`CREATED_BY` VARCHAR(100) NOT NULL,
	`CREATED_ON` BIGINT(20) NOT NULL,
	`LAST_UPDATED_BY` VARCHAR(100) NULL DEFAULT NULL,
	`LAST_UPDATED_ON` BIGINT(20) NULL DEFAULT NULL,
	PRIMARY KEY (`ID`),
	INDEX `SS_INVESTOR_UPLOAD_FILE_ID_FK` (`SS_INVESTOR_FILE_ID`),
	CONSTRAINT `SS_INVESTOR_UPLOAD_FILE_ID_FK` FOREIGN KEY (`SS_INVESTOR_FILE_ID`) REFERENCES `SPCL_SERVICING_INVESTOR_FILES` (`ID`)
);

-- Dumping structure for table client_app.ra_tnt_system_parameters
CREATE TABLE IF NOT EXISTS `RA_TNT_SYSTEM_PARAMETERS` (
  `ID` char(36) NOT NULL,
  `SYS_KEY` varchar(100) NOT NULL,
  `SYS_VALUE` varchar(500) NOT NULL,
  `DESCRIPTION` varchar(500) NOT NULL,
  `CREATED_BY` varchar(100)  NOT NULL,
  `CREATED_ON` BIGINT(20) NOT NULL,
  `LAST_UPDATED_BY` VARCHAR(100) NULL DEFAULT NULL,
  `LAST_UPDATED_ON` bigint(20) DEFAULT NULL,
  PRIMARY KEY (`ID`),
  UNIQUE KEY `RA_TNT_SYSTEM_PARAMETERS_UN` (`SYS_KEY`)
) ;


-- Insert for ra_tnt_system_parameters
INSERT INTO `RA_TNT_SYSTEM_PARAMETERS` (`ID`, `SYS_KEY`,`SYS_VALUE`,`DESCRIPTION`,`CREATED_BY`,`CREATED_ON`,`LAST_UPDATED_BY`,`LAST_UPDATED_ON`) VALUES (UUID(),'san.path','C:\\notbkdup\\RACLIENT','Input file upload location','SYSTEM',NOW(),NULL,NULL);
INSERT INTO `RA_TNT_SYSTEM_PARAMETERS` (`ID`, `SYS_KEY`,`SYS_VALUE`,`DESCRIPTION`,`CREATED_BY`,`CREATED_ON`,`LAST_UPDATED_BY`,`LAST_UPDATED_ON`) VALUES (UUID(),'ca.url','https://wavmbeta.collateralanalytics.com','ca url','SYSTEM',NOW(),NULL,NULL);
INSERT INTO `RA_TNT_SYSTEM_PARAMETERS` (`ID`, `SYS_KEY`,`SYS_VALUE`,`DESCRIPTION`,`CREATED_BY`,`CREATED_ON`,`LAST_UPDATED_BY`,`LAST_UPDATED_ON`) VALUES (UUID(),'ca.username', 'altisourceweb1','ca user name','SYSTEM',NOW(),NULL,NULL);
INSERT INTO `RA_TNT_SYSTEM_PARAMETERS` (`ID`, `SYS_KEY`,`SYS_VALUE`,`DESCRIPTION`,`CREATED_BY`,`CREATED_ON`,`LAST_UPDATED_BY`,`LAST_UPDATED_ON`) VALUES (UUID(),'ca.password', '$Alt_web1','ca password','SYSTEM',NOW(),NULL,NULL);
INSERT INTO `RA_TNT_SYSTEM_PARAMETERS` (`ID`, `SYS_KEY`,`SYS_VALUE`,`DESCRIPTION`,`CREATED_BY`,`CREATED_ON`,`LAST_UPDATED_BY`,`LAST_UPDATED_ON`) VALUES (UUID(),'ca.common_name', '*.collateralanalytics.com','ca common name','SYSTEM',NOW(),NULL,NULL);

-- Insert for spcl_servicing_investor_files
INSERT INTO `SPCL_SERVICING_INVESTOR_FILES` (`ID`, `UPLOADED_FILE_NAME`, `ACTIVE`, `CREATED_BY`, `CREATED_ON`, `LAST_UPDATED_BY`, `LAST_UPDATED_ON`) VALUES
	('1', '/Sdci.xls', 0, 'zzz', 1233, NULL, NULL),
	('2', 'Mno', 0, 'Fdv', 4658714, NULL, NULL),
	('2634ab5e-c39f-4138-b599-382859fd2659', 'SSI5records - Copy.xlsx', 0, 'avbindu', 1516175318235, 'avbindu', 1516175318235),
	('26dbd9c8-9473-40af-9a0d-1a6afaf9d6a6', 'SSI5records.xlsx', 0, 'avbindu', 1516175308194, 'avbindu', 1516175308194),
	('3', 'avbindu', 0, 'Avbindu', 75978, NULL, NULL),
	('4', 'av/bindu', 0, 'nin', 98745748, NULL, NULL),
	('49cb3bf1-eb86-4e5b-b50c-b1ba25c6a1ce', 'Abc.xlsx', 0, 'avbindu', 1516175358745, 'avbindu', 1516175358745),
	('63c4ade4-9652-49c4-9cf6-3c7df72dc3ec', 'Xyz.xlsx', 0, 'avbindu', 1516175426049, 'avbindu', 1516175426049),
	('aad1b092-1bf5-4068-9906-18efb1feb8fe', 'Special_Servicing_Guidelines_v2 37.xls', 1, 'anonymousUser', 1516610077630, 'anonymousUser', 1516610077630);

-- Insert for spcl_servicing_investors
INSERT INTO `SPCL_SERVICING_INVESTORS` (`ID`, `SS_INVESTOR_FILE_ID`, `INVESTOR_CODE`, `INVESTOR_NAME`, `CREATED_BY`, `CREATED_ON`, `LAST_UPDATED_BY`, `LAST_UPDATED_ON`) VALUES
	('002031eb-df3e-4879-bd0f-22374d43e5b0', 'aad1b092-1bf5-4068-9906-18efb1feb8fe', 'C8407', 'Wells_2', 'anonymousUser', 1516610078381, 'anonymousUser', 1516610078381),
	('00871289-7811-4e0e-9d85-4f663ad87791', 'aad1b092-1bf5-4068-9906-18efb1feb8fe', 'C8763', 'Wells_10', 'anonymousUser', 1516610078566, 'anonymousUser', 1516610078566),
	('00d61431-28e8-4d92-9a01-f8ea01a5a98a', 'aad1b092-1bf5-4068-9906-18efb1feb8fe', 'C6661', 'RMS', 'anonymousUser', 1516610078339, 'anonymousUser', 1516610078339),
	('00ede167-0e8a-402d-b1b6-ff4586296174', 'aad1b092-1bf5-4068-9906-18efb1feb8fe', 'C7937', 'Bank_of_America', 'anonymousUser', 1516610077978, 'anonymousUser', 1516610077978),
	('01c634f0-c250-4565-9f9b-cf3bf226bfcb', 'aad1b092-1bf5-4068-9906-18efb1feb8fe', 'C7971', 'Bank_of_America', 'anonymousUser', 1516610077987, 'anonymousUser', 1516610077987),
	('024da233-b529-4dda-bae8-3e9db2c5a94d', 'aad1b092-1bf5-4068-9906-18efb1feb8fe', 'C15345', 'Wells_2', 'anonymousUser', 1516610078474, 'anonymousUser', 1516610078474),
	('02d3a8f9-823d-4b06-a06e-5d0eb6a8fb17', 'aad1b092-1bf5-4068-9906-18efb1feb8fe', 'C6645', 'Ocwen_Wholly_Owned', 'anonymousUser', 1516610078288, 'anonymousUser', 1516610078288),
	('02fe32b8-218c-42b0-8de0-cb8210a2f9e7', 'aad1b092-1bf5-4068-9906-18efb1feb8fe', 'C15073', 'Wells_11', 'anonymousUser', 1516610078575, 'anonymousUser', 1516610078575),
	('0327abc6-7d23-4672-849a-44dabf909904', 'aad1b092-1bf5-4068-9906-18efb1feb8fe', 'C8920', 'NationStar_2', 'anonymousUser', 1516610078158, 'anonymousUser', 1516610078158),
	('03d87f84-143e-48d9-849f-8459540587a8', 'aad1b092-1bf5-4068-9906-18efb1feb8fe', 'C15306', 'Wells_2', 'anonymousUser', 1516610078497, 'anonymousUser', 1516610078497),
	('047bf44f-c76c-41f9-a5eb-50c306e755c7', 'aad1b092-1bf5-4068-9906-18efb1feb8fe', 'C15097', 'Wells_7', 'anonymousUser', 1516610078543, 'anonymousUser', 1516610078543),
	('05610a41-bed0-40c5-89c1-09a4da268062', 'aad1b092-1bf5-4068-9906-18efb1feb8fe', 'C15023', 'E_Trade', 'anonymousUser', 1516610078058, 'anonymousUser', 1516610078058),
	('0629a565-acf0-4bb2-92c5-1572ecc04ed6', 'aad1b092-1bf5-4068-9906-18efb1feb8fe', 'C14419', 'Wells_2', 'anonymousUser', 1516610078415, 'anonymousUser', 1516610078415),
	('06e6f729-3f75-483f-8d70-8816cd5d3826', 'aad1b092-1bf5-4068-9906-18efb1feb8fe', 'C15311', 'Wells_2', 'anonymousUser', 1516610078503, 'anonymousUser', 1516610078503),
	('0876b4a6-3679-41d5-9ac9-8ed9ad9feb1e', 'aad1b092-1bf5-4068-9906-18efb1feb8fe', 'C15277', 'Aurora', 'anonymousUser', 1516610077965, 'anonymousUser', 1516610077965),
	('093bc48d-1e23-4ff1-89fe-124bfd5b20e3', 'aad1b092-1bf5-4068-9906-18efb1feb8fe', 'C14908', 'NationStar_2', 'anonymousUser', 1516610078239, 'anonymousUser', 1516610078239),
	('094217b1-2aea-45dd-a81c-9df8a8b86dc6', 'aad1b092-1bf5-4068-9906-18efb1feb8fe', 'C14101', 'Aurora', 'anonymousUser', 1516610077908, 'anonymousUser', 1516610077908),
	('09950c85-9b7e-4e2b-8e4b-267ce7df588a', 'aad1b092-1bf5-4068-9906-18efb1feb8fe', 'C15272', 'Aurora', 'anonymousUser', 1516610077960, 'anonymousUser', 1516610077960),
	('09966fe3-1ff9-4a05-9dfb-a442ce267001', 'aad1b092-1bf5-4068-9906-18efb1feb8fe', 'C7538', 'Chase', 'anonymousUser', 1516610078031, 'anonymousUser', 1516610078031),
	('0a143d9e-cbbe-4b6d-88a6-790cf7408f7d', 'aad1b092-1bf5-4068-9906-18efb1feb8fe', 'C15393', 'Aurora', 'anonymousUser', 1516610077942, 'anonymousUser', 1516610077942),
	('0a587d07-00dd-474b-9179-ee5538fa7024', 'aad1b092-1bf5-4068-9906-18efb1feb8fe', 'C16235', 'ResCap', 'anonymousUser', 1516610078322, 'anonymousUser', 1516610078322),
	('0b2037af-db85-4442-b096-5b20aa771a83', 'aad1b092-1bf5-4068-9906-18efb1feb8fe', 'C15068', 'Wells_7', 'anonymousUser', 1516610078530, 'anonymousUser', 1516610078530),
	('0b93c058-31a1-41c0-bb77-6ec64656a839', 'aad1b092-1bf5-4068-9906-18efb1feb8fe', 'C9126', 'Self_Help', 'anonymousUser', 1516610078341, 'anonymousUser', 1516610078341),
	('0c10c788-dc0d-4dd7-9d86-6c90f0d065e4', 'aad1b092-1bf5-4068-9906-18efb1feb8fe', 'C15400', 'Aurora', 'anonymousUser', 1516610077954, 'anonymousUser', 1516610077954),
	('0c8c63a9-d111-460a-ac68-cf096374a567', 'aad1b092-1bf5-4068-9906-18efb1feb8fe', 'C14108', 'Aurora', 'anonymousUser', 1516610077914, 'anonymousUser', 1516610077914),
	('0db37748-cac5-43a6-8bcd-760a325e3423', 'aad1b092-1bf5-4068-9906-18efb1feb8fe', 'C14106', 'Aurora', 'anonymousUser', 1516610077913, 'anonymousUser', 1516610077913),
	('0dd43ca8-0478-4cc8-9884-c56dfc8a1101', 'aad1b092-1bf5-4068-9906-18efb1feb8fe', 'C6667', 'Ocwen_Wholly_Owned', 'anonymousUser', 1516610078299, 'anonymousUser', 1516610078299),
	('0e144745-ad6a-4cd4-9d03-07a6b0a86539', 'aad1b092-1bf5-4068-9906-18efb1feb8fe', 'C15615', 'NationStar_2', 'anonymousUser', 1516610078244, 'anonymousUser', 1516610078244),
	('0ebb1f25-0e9e-4c32-8b6c-c3c5dff61508', 'aad1b092-1bf5-4068-9906-18efb1feb8fe', 'C14082', 'NationStar_2', 'anonymousUser', 1516610078226, 'anonymousUser', 1516610078226),
	('0efa6130-64de-4518-a3f3-4dc9e5aebdc7', 'aad1b092-1bf5-4068-9906-18efb1feb8fe', 'C15552', 'Sonyma', 'anonymousUser', 1516610078343, 'anonymousUser', 1516610078343),
	('0f45f208-4720-43bb-8597-bc7c96d0612a', 'aad1b092-1bf5-4068-9906-18efb1feb8fe', 'C14081', 'NationStar_2', 'anonymousUser', 1516610078225, 'anonymousUser', 1516610078225),
	('0fccf418-0c57-4a2d-bcb2-4c6586176ff5', 'aad1b092-1bf5-4068-9906-18efb1feb8fe', 'C7884', 'Bank_of_America', 'anonymousUser', 1516610077971, 'anonymousUser', 1516610077971),
	('0fce2f1c-da65-42b1-be49-dc5747b68425', 'aad1b092-1bf5-4068-9906-18efb1feb8fe', 'C16340', 'Community_One', 'anonymousUser', 1516610078035, 'anonymousUser', 1516610078035),
	('104c8269-0900-42ab-b5d4-91c40344775a', 'aad1b092-1bf5-4068-9906-18efb1feb8fe', 'C15092', 'Wells_7', 'anonymousUser', 1516610078539, 'anonymousUser', 1516610078539),
	('10aa1be2-5c80-489e-8688-cec216581b5c', 'aad1b092-1bf5-4068-9906-18efb1feb8fe', 'C16183', 'Wells_16', 'anonymousUser', 1516610078582, 'anonymousUser', 1516610078582),
	('11172fc2-59a1-460d-83d7-100b8965d6f4', 'aad1b092-1bf5-4068-9906-18efb1feb8fe', 'C15313', 'Wells_2', 'anonymousUser', 1516610078447, 'anonymousUser', 1516610078447),
	('119f2866-8059-4206-b90f-f2c1ad361dbe', 'aad1b092-1bf5-4068-9906-18efb1feb8fe', 'C15372', 'Wells_9', 'anonymousUser', 1516610078558, 'anonymousUser', 1516610078558),
	('12d56606-aa0d-4392-a48a-f8681300e5ea', 'aad1b092-1bf5-4068-9906-18efb1feb8fe', 'C6666', 'Ocwen_Wholly_Owned', 'anonymousUser', 1516610078298, 'anonymousUser', 1516610078298),
	('134e6a0b-6caa-4f3e-ac93-6453ca73f157', 'aad1b092-1bf5-4068-9906-18efb1feb8fe', 'C15188', 'CITIZENS_BANK', 'anonymousUser', 1516610078033, 'anonymousUser', 1516610078033),
	('138157cd-7c8f-4a12-823b-17bb75e4c05e', 'aad1b092-1bf5-4068-9906-18efb1feb8fe', 'C7514', 'Chase', 'anonymousUser', 1516610078022, 'anonymousUser', 1516610078022),
	('14954eae-c302-4d9e-b39d-0e74c7b19eb7', 'aad1b092-1bf5-4068-9906-18efb1feb8fe', 'C15309', 'Wells_2', 'anonymousUser', 1516610078500, 'anonymousUser', 1516610078500),
	('1498775f-fe7d-4b62-a07e-f42b1904c514', 'aad1b092-1bf5-4068-9906-18efb1feb8fe', 'C8160', 'Wells_2', 'anonymousUser', 1516610078377, 'anonymousUser', 1516610078377),
	('14ec993c-647a-42e2-a80b-c20207d8fc24', 'aad1b092-1bf5-4068-9906-18efb1feb8fe', 'C9209', 'Macquarie', 'anonymousUser', 1516610078101, 'anonymousUser', 1516610078101),
	('155a55a3-3659-4d1e-9594-c04ee89100ad', 'aad1b092-1bf5-4068-9906-18efb1feb8fe', 'C14417', 'Wells_2', 'anonymousUser', 1516610078413, 'anonymousUser', 1516610078413),
	('158b7ee1-f9eb-4a1d-85d7-7280af8ac946', 'aad1b092-1bf5-4068-9906-18efb1feb8fe', 'C15320', 'Wells_2', 'anonymousUser', 1516610078453, 'anonymousUser', 1516610078453),
	('15e8091b-fa34-4429-9075-b2603abafce4', 'aad1b092-1bf5-4068-9906-18efb1feb8fe', 'C14076', 'Wells_1', 'anonymousUser', 1516610078371, 'anonymousUser', 1516610078371),
	('162e2607-a694-4859-89f0-0a087dee1790', 'aad1b092-1bf5-4068-9906-18efb1feb8fe', 'C8500', 'RESI', 'anonymousUser', 1516610078326, 'anonymousUser', 1516610078326),
	('18eab3b1-e9e0-4467-b431-0065e0a1b1f7', '2634ab5e-c39f-4138-b599-382859fd2659', 'C16237', 'Standard_Pacific', 'avbindu', 1516175318239, 'avbindu', 1516175318239),
	('196c1afb-033b-4a07-aa24-f0bbfa7bbba7', 'aad1b092-1bf5-4068-9906-18efb1feb8fe', 'C16276', 'Mirrors_4915', 'anonymousUser', 1516610078111, 'anonymousUser', 1516610078111),
	('199e9dc1-d836-4de2-a0c1-a06b7a8c585c', 'aad1b092-1bf5-4068-9906-18efb1feb8fe', 'C14067', 'Wells_2', 'anonymousUser', 1516610078403, 'anonymousUser', 1516610078403),
	('1a02c84b-e4fe-4167-b25a-591ec24ec121', 'aad1b092-1bf5-4068-9906-18efb1feb8fe', 'C15325', 'Wells_2', 'anonymousUser', 1516610078457, 'anonymousUser', 1516610078457),
	('1a5af3cb-7b56-45e0-bbbc-6a7989762a84', 'aad1b092-1bf5-4068-9906-18efb1feb8fe', 'C15329', 'Wells_2', 'anonymousUser', 1516610078459, 'anonymousUser', 1516610078459),
	('1a91d62d-b689-4d06-a22b-1cdf51ffaa52', 'aad1b092-1bf5-4068-9906-18efb1feb8fe', 'C15675', 'RESI', 'anonymousUser', 1516610078331, 'anonymousUser', 1516610078331),
	('1b0e3314-e7aa-42e6-8c21-a7645536ca75', 'aad1b092-1bf5-4068-9906-18efb1feb8fe', 'C9214', 'Wells_5', 'anonymousUser', 1516610078528, 'anonymousUser', 1516610078528),
	('1b17772a-be38-4ac4-ba88-0851e1f8438e', 'aad1b092-1bf5-4068-9906-18efb1feb8fe', 'C6887', 'NationStar', 'anonymousUser', 1516610078117, 'anonymousUser', 1516610078117),
	('1b198382-3df6-4fd3-896e-59eb81c33437', 'aad1b092-1bf5-4068-9906-18efb1feb8fe', 'C15283', 'M_T_Bank', 'anonymousUser', 1516610078100, 'anonymousUser', 1516610078100),
	('1b5bceab-4f14-428f-b2c4-6b2b926ae73e', 'aad1b092-1bf5-4068-9906-18efb1feb8fe', 'C7518', 'Chase', 'anonymousUser', 1516610078027, 'anonymousUser', 1516610078027),
	('1bd0cf16-05be-4e97-99e6-01b913feba9f', 'aad1b092-1bf5-4068-9906-18efb1feb8fe', 'C15307', 'Wells_2', 'anonymousUser', 1516610078498, 'anonymousUser', 1516610078498),
	('1be5c94c-1001-420d-806d-7cf0f8ec5553', 'aad1b092-1bf5-4068-9906-18efb1feb8fe', 'C15141', 'Wells_2', 'anonymousUser', 1516610078430, 'anonymousUser', 1516610078430),
	('1d07a0b9-e487-4fd9-831a-959d13072387', 'aad1b092-1bf5-4068-9906-18efb1feb8fe', 'C15524', 'BNY', 'anonymousUser', 1516610078008, 'anonymousUser', 1516610078008),
	('1d0f490b-c841-4fce-b7a3-a7716dad0426', 'aad1b092-1bf5-4068-9906-18efb1feb8fe', 'C16171', 'Angel_Oak', 'anonymousUser', 1516610077877, 'anonymousUser', 1516610077877),
	('1d39a417-bd58-49b3-b53a-6075e0879082', 'aad1b092-1bf5-4068-9906-18efb1feb8fe', 'C15124', 'Wells_9', 'anonymousUser', 1516610078564, 'anonymousUser', 1516610078564),
	('1e0980c7-ce59-4b58-a463-18182972bff1', 'aad1b092-1bf5-4068-9906-18efb1feb8fe', 'C16331', 'ResCap_2', 'anonymousUser', 1516610078323, 'anonymousUser', 1516610078323),
	('1e5d2a2e-52e3-437b-bd7b-ac16b4822742', 'aad1b092-1bf5-4068-9906-18efb1feb8fe', 'C8356', 'Wells_11', 'anonymousUser', 1516610078574, 'anonymousUser', 1516610078574),
	('1ed98012-d0e6-4973-8aea-739f14e62ffd', 'aad1b092-1bf5-4068-9906-18efb1feb8fe', 'C15270', 'NationStar_2', 'anonymousUser', 1516610078185, 'anonymousUser', 1516610078185),
	('1f50c86d-1d1d-47fc-8c9f-7fbdbf3315b0', 'aad1b092-1bf5-4068-9906-18efb1feb8fe', 'C15541', 'MERRILL_LYNCH', 'anonymousUser', 1516610078109, 'anonymousUser', 1516610078109),
	('1fc80f62-fd37-4999-b9ec-68ed2abe760a', 'aad1b092-1bf5-4068-9906-18efb1feb8fe', 'C14105', 'NationStar_2', 'anonymousUser', 1516610078173, 'anonymousUser', 1516610078173),
	('1ffb2b4b-ed0c-495b-b392-d827652b898b', 'aad1b092-1bf5-4068-9906-18efb1feb8fe', 'C9101', 'MLMI', 'anonymousUser', 1516610078112, 'anonymousUser', 1516610078112),
	('200c7706-57df-4b1b-9cb2-2daca199df16', 'aad1b092-1bf5-4068-9906-18efb1feb8fe', 'C15083', 'Wells_2', 'anonymousUser', 1516610078476, 'anonymousUser', 1516610078476),
	('20ba70bc-584d-47cf-a7d4-2d473127c129', 'aad1b092-1bf5-4068-9906-18efb1feb8fe', 'C9130', 'Credit_Suisse_2', 'anonymousUser', 1516610078043, 'anonymousUser', 1516610078043),
	('21087a07-1e39-41cd-b392-1eb54ec62851', 'aad1b092-1bf5-4068-9906-18efb1feb8fe', 'C15127', 'Wells_2', 'anonymousUser', 1516610078418, 'anonymousUser', 1516610078418),
	('213b1df7-69b4-4e24-8cb5-e69393ffeeff', 'aad1b092-1bf5-4068-9906-18efb1feb8fe', 'C15618', 'NationStar_2', 'anonymousUser', 1516610078249, 'anonymousUser', 1516610078249),
	('21635637-b2dd-4ccc-9bf1-64714a07efc7', 'aad1b092-1bf5-4068-9906-18efb1feb8fe', 'C8325', 'NationStar_2', 'anonymousUser', 1516610078204, 'anonymousUser', 1516610078204),
	('21834226-18f7-4536-9fa7-b2dfd2ccfc7c', 'aad1b092-1bf5-4068-9906-18efb1feb8fe', 'C14249', 'NationStar_2', 'anonymousUser', 1516610078234, 'anonymousUser', 1516610078234),
	('21c53215-b7b4-4d54-ac21-0ae0baa1164b', 'aad1b092-1bf5-4068-9906-18efb1feb8fe', 'C14238', 'NationStar_2', 'anonymousUser', 1516610078232, 'anonymousUser', 1516610078232),
	('22174d17-bd59-495e-bf69-ee378487acf4', 'aad1b092-1bf5-4068-9906-18efb1feb8fe', 'C9145', 'Wells_9', 'anonymousUser', 1516610078546, 'anonymousUser', 1516610078546),
	('223e4ac2-76b3-4d4a-946f-88023cd0048c', 'aad1b092-1bf5-4068-9906-18efb1feb8fe', 'C15364', 'Wells_9', 'anonymousUser', 1516610078555, 'anonymousUser', 1516610078555),
	('226e7112-f3a2-443d-8f70-762d0fb73a98', 'aad1b092-1bf5-4068-9906-18efb1feb8fe', 'C7512', 'Chase', 'anonymousUser', 1516610078019, 'anonymousUser', 1516610078019),
	('22d833e0-1331-45af-beea-ff517aaaa4c0', 'aad1b092-1bf5-4068-9906-18efb1feb8fe', 'C16056', 'RESI', 'anonymousUser', 1516610078329, 'anonymousUser', 1516610078329),
	('22dd825e-a1f0-45ff-8c33-7d441a8bfb1e', 'aad1b092-1bf5-4068-9906-18efb1feb8fe', 'C8445', 'MRF', 'anonymousUser', 1516610078113, 'anonymousUser', 1516610078113),
	('2315eb68-f3d4-4548-a4c5-9015606e09d5', 'aad1b092-1bf5-4068-9906-18efb1feb8fe', 'C8553', 'Wells_10', 'anonymousUser', 1516610078565, 'anonymousUser', 1516610078565),
	('23183d61-c005-4037-a5c4-51c0132c7e44', 'aad1b092-1bf5-4068-9906-18efb1feb8fe', 'C15089', 'Wells_7', 'anonymousUser', 1516610078538, 'anonymousUser', 1516610078538),
	('238e2837-8e06-4f56-9d51-9ff822a3af01', 'aad1b092-1bf5-4068-9906-18efb1feb8fe', 'C15177', 'Aurora', 'anonymousUser', 1516610077938, 'anonymousUser', 1516610077938),
	('24cf81bf-adbe-4ef1-a79f-a9a24fa9cd62', 'aad1b092-1bf5-4068-9906-18efb1feb8fe', 'C6649', 'Ocwen_Wholly_Owned', 'anonymousUser', 1516610078291, 'anonymousUser', 1516610078291),
	('250c2f3d-2ecd-4288-a367-e7a05a88e557', 'aad1b092-1bf5-4068-9906-18efb1feb8fe', 'C15096', 'Wells_7', 'anonymousUser', 1516610078540, 'anonymousUser', 1516610078540),
	('2513e0d7-85cc-4be6-8090-693ff3c521b9', 'aad1b092-1bf5-4068-9906-18efb1feb8fe', 'C15477', 'Homeward_Residential', 'anonymousUser', 1516610078084, 'anonymousUser', 1516610078084),
	('2571c79d-7cce-40df-8b60-d1a3e7294c9c', 'aad1b092-1bf5-4068-9906-18efb1feb8fe', 'C16277', 'Mirrors_4913', 'anonymousUser', 1516610078110, 'anonymousUser', 1516610078110),
	('259c75a2-40a5-42f5-935c-c13e527d3c65', 'aad1b092-1bf5-4068-9906-18efb1feb8fe', 'C14983', 'NationStar_2', 'anonymousUser', 1516610078184, 'anonymousUser', 1516610078184),
	('25bd30a6-2db8-4b71-9435-ec51d5070000', 'aad1b092-1bf5-4068-9906-18efb1feb8fe', 'C16462', 'Kondaur', 'anonymousUser', 1516610078088, 'anonymousUser', 1516610078088),
	('25c63b10-cfde-4168-aeec-91e14694e4b4', 'aad1b092-1bf5-4068-9906-18efb1feb8fe', 'C7509', 'Chase', 'anonymousUser', 1516610078015, 'anonymousUser', 1516610078015),
	('25c86cf1-eb42-481a-b2b0-0e20acf7e139', 'aad1b092-1bf5-4068-9906-18efb1feb8fe', 'C15396', 'Aurora', 'anonymousUser', 1516610077948, 'anonymousUser', 1516610077948),
	('25fa4f5e-f6e3-4b34-bf93-a32b77dcfe37', 'aad1b092-1bf5-4068-9906-18efb1feb8fe', 'C16332', 'Angel_Oak', 'anonymousUser', 1516610077881, 'anonymousUser', 1516610077881),
	('2602a784-17f0-4397-ab82-ee0672dd2464', 'aad1b092-1bf5-4068-9906-18efb1feb8fe', 'C8330', 'NationStar_2', 'anonymousUser', 1516610078205, 'anonymousUser', 1516610078205),
	('26ed5c77-e227-4eca-8bb8-c6a8e2e8d276', 'aad1b092-1bf5-4068-9906-18efb1feb8fe', 'C14247', 'NationStar', 'anonymousUser', 1516610078141, 'anonymousUser', 1516610078141),
	('2867e074-6370-4be0-bfe8-ff1cc59384d8', 'aad1b092-1bf5-4068-9906-18efb1feb8fe', 'C15532', 'Wells_2', 'anonymousUser', 1516610078509, 'anonymousUser', 1516610078509),
	('28ee6e52-ad60-4c91-8af1-302682ed711e', 'aad1b092-1bf5-4068-9906-18efb1feb8fe', 'C15205', 'BNY', 'anonymousUser', 1516610077998, 'anonymousUser', 1516610077998),
	('29b898c6-46fc-4611-af8d-138a30d5fea6', 'aad1b092-1bf5-4068-9906-18efb1feb8fe', 'C8102', 'NationStar', 'anonymousUser', 1516610078140, 'anonymousUser', 1516610078140),
	('29bad5b5-2da2-4a33-bc2a-ca722f1f40be', 'aad1b092-1bf5-4068-9906-18efb1feb8fe', 'C766', 'Lehman', 'anonymousUser', 1516610078092, 'anonymousUser', 1516610078092),
	('2a2bd98f-80e6-444c-8f09-994e5172806a', 'aad1b092-1bf5-4068-9906-18efb1feb8fe', 'C15352', 'Wells_2', 'anonymousUser', 1516610078445, 'anonymousUser', 1516610078445),
	('2a7b4cba-fc05-4a8e-844a-62e07ef6728f', 'aad1b092-1bf5-4068-9906-18efb1feb8fe', 'C8329', 'NationStar', 'anonymousUser', 1516610078134, 'anonymousUser', 1516610078134),
	('2ab13701-46b7-40dd-a9e5-333b5e65ea5d', 'aad1b092-1bf5-4068-9906-18efb1feb8fe', 'C16478', 'Fortress_Investment', 'anonymousUser', 1516610078071, 'anonymousUser', 1516610078071),
	('2b1147b6-47f4-41f1-8a57-278683eee28f', 'aad1b092-1bf5-4068-9906-18efb1feb8fe', 'C15622', 'NationStar_2', 'anonymousUser', 1516610078251, 'anonymousUser', 1516610078251),
	('2b4cf210-2c3e-4ac2-af20-85ffb7497ca0', 'aad1b092-1bf5-4068-9906-18efb1feb8fe', 'C16281', 'ResCap_3', 'anonymousUser', 1516610078324, 'anonymousUser', 1516610078324),
	('2b7688f1-b309-4cea-80d9-59c04901a3d1', 'aad1b092-1bf5-4068-9906-18efb1feb8fe', 'C15293', 'Wells_2', 'anonymousUser', 1516610078486, 'anonymousUser', 1516610078486),
	('2be4e5f1-d413-411a-bc42-52219a586ecd', 'aad1b092-1bf5-4068-9906-18efb1feb8fe', 'C8885', 'Wells_6', 'anonymousUser', 1516610078530, 'anonymousUser', 1516610078530),
	('2c28b91b-7d07-4333-8710-b743aeaf722f', 'aad1b092-1bf5-4068-9906-18efb1feb8fe', 'C15370', 'Wells_9', 'anonymousUser', 1516610078557, 'anonymousUser', 1516610078557),
	('2cab2005-5138-4ac8-80c8-8b6bd0f7963c', 'aad1b092-1bf5-4068-9906-18efb1feb8fe', 'C9236', 'E_Trade', 'anonymousUser', 1516610078056, 'anonymousUser', 1516610078056),
	('2cc25b9c-8a06-45df-8ba3-2a9860a7376f', 'aad1b092-1bf5-4068-9906-18efb1feb8fe', 'C15406', 'Wells_9', 'anonymousUser', 1516610078548, 'anonymousUser', 1516610078548),
	('2d136207-94f1-492e-b04a-5f9806e9988c', 'aad1b092-1bf5-4068-9906-18efb1feb8fe', 'C8556', 'Wells_4', 'anonymousUser', 1516610078522, 'anonymousUser', 1516610078522),
	('2d4e6127-8ed8-448c-915e-e1d3baf0bb21', 'aad1b092-1bf5-4068-9906-18efb1feb8fe', 'C15134', 'Wells_2', 'anonymousUser', 1516610078423, 'anonymousUser', 1516610078423),
	('2d58d663-4f49-4ae3-8e44-2791fdde73cd', 'aad1b092-1bf5-4068-9906-18efb1feb8fe', 'C9207', 'Wells_4', 'anonymousUser', 1516610078520, 'anonymousUser', 1516610078520),
	('2dbf96ae-9f90-4901-b556-bbe98554c469', 'aad1b092-1bf5-4068-9906-18efb1feb8fe', 'C14250', 'Aurora', 'anonymousUser', 1516610077927, 'anonymousUser', 1516610077927),
	('2e3ffdfc-9a08-426f-8698-6d97ec95c6b1', 'aad1b092-1bf5-4068-9906-18efb1feb8fe', 'C15285', 'Wells_2', 'anonymousUser', 1516610078480, 'anonymousUser', 1516610078480),
	('2e90cd6b-0e24-4cae-bd9a-1769ed30de6c', 'aad1b092-1bf5-4068-9906-18efb1feb8fe', 'C15211', 'BNY', 'anonymousUser', 1516610078005, 'anonymousUser', 1516610078005),
	('2f02009b-487e-48b9-8a66-35c38a465726', 'aad1b092-1bf5-4068-9906-18efb1feb8fe', 'C15367', 'Wells_9', 'anonymousUser', 1516610078556, 'anonymousUser', 1516610078556),
	('2f4d5d40-9e01-40fc-b737-c5f12891c794', 'aad1b092-1bf5-4068-9906-18efb1feb8fe', 'C6891', 'NationStar', 'anonymousUser', 1516610078119, 'anonymousUser', 1516610078119),
	('2fd5965a-fff3-43bc-9577-20bd0fa3583e', 'aad1b092-1bf5-4068-9906-18efb1feb8fe', 'C16271', 'Washington_Mutual', 'anonymousUser', 1516610078356, 'anonymousUser', 1516610078356),
	('305dcb5e-868a-453d-bdbb-3c7c1f0aaa60', 'aad1b092-1bf5-4068-9906-18efb1feb8fe', 'C14087', 'NationStar_2', 'anonymousUser', 1516610078164, 'anonymousUser', 1516610078164),
	('30791c79-bfe1-4b4f-8cfe-6314d2d080eb', 'aad1b092-1bf5-4068-9906-18efb1feb8fe', 'C16173', 'Angel_Oak', 'anonymousUser', 1516610077879, 'anonymousUser', 1516610077879),
	('30e2e66c-6b92-47c5-8625-0fabfafa7556', 'aad1b092-1bf5-4068-9906-18efb1feb8fe', 'C14248', 'Aurora', 'anonymousUser', 1516610077925, 'anonymousUser', 1516610077925),
	('30f06c91-c753-473b-8953-60bf0ad076b5', 'aad1b092-1bf5-4068-9906-18efb1feb8fe', 'C8903', 'NationStar_2', 'anonymousUser', 1516610078207, 'anonymousUser', 1516610078207),
	('30f687cf-d7c1-40c2-a4bc-e5e1a199d41f', 'aad1b092-1bf5-4068-9906-18efb1feb8fe', 'C15076', 'Wells_7', 'anonymousUser', 1516610078542, 'anonymousUser', 1516610078542),
	('311567a6-8d41-48ea-824d-aaad60bbafcc', 'aad1b092-1bf5-4068-9906-18efb1feb8fe', 'C16236', 'Standard_Pacific', 'anonymousUser', 1516610078344, 'anonymousUser', 1516610078344),
	('31b1bd89-4f08-4947-8111-6162940c704c', '49cb3bf1-eb86-4e5b-b50c-b1ba25c6a1ce', 'C16236', 'Standard_Pacific', 'avbindu', 1516175358748, 'avbindu', 1516175358748),
	('32321765-7d9f-4b0d-9431-785b859b68d7', 'aad1b092-1bf5-4068-9906-18efb1feb8fe', 'C6914', 'Impac', 'anonymousUser', 1516610078087, 'anonymousUser', 1516610078087),
	('32a1c9a6-197f-4de8-8cd0-1f04ffa4b3d7', 'aad1b092-1bf5-4068-9906-18efb1feb8fe', 'C9136', 'Wells_12', 'anonymousUser', 1516610078580, 'anonymousUser', 1516610078580),
	('32c93635-8a5d-4417-944e-72cbb5141078', 'aad1b092-1bf5-4068-9906-18efb1feb8fe', 'C16155', 'Delmar_Financial', 'anonymousUser', 1516610078046, 'anonymousUser', 1516610078046),
	('3395c7c6-adfa-4bcd-80ea-f4f053229b59', 'aad1b092-1bf5-4068-9906-18efb1feb8fe', 'C14083', 'NationStar_2', 'anonymousUser', 1516610078161, 'anonymousUser', 1516610078161),
	('3397cf4f-c5fa-4a2c-bc82-f4076cb9d652', 'aad1b092-1bf5-4068-9906-18efb1feb8fe', 'C7513', 'Chase', 'anonymousUser', 1516610078020, 'anonymousUser', 1516610078020),
	('34490a5c-97a5-4faf-a8d8-fd519b734ac9', 'aad1b092-1bf5-4068-9906-18efb1feb8fe', 'C14085', 'NationStar_2', 'anonymousUser', 1516610078162, 'anonymousUser', 1516610078162),
	('349c399f-c1b7-4447-a13f-3ca0f5577d0a', 'aad1b092-1bf5-4068-9906-18efb1feb8fe', 'C14098', 'Aurora', 'anonymousUser', 1516610077903, 'anonymousUser', 1516610077903),
	('35bf9619-c56d-4ead-83be-dcffffb518a0', 'aad1b092-1bf5-4068-9906-18efb1feb8fe', 'C14257', 'NationStar_2', 'anonymousUser', 1516610078183, 'anonymousUser', 1516610078183),
	('35deda60-ddae-487e-8afe-b6c781a2cf8f', '26dbd9c8-9473-40af-9a0d-1a6afaf9d6a6', 'C9062', 'Treasury_Bank', 'avbindu', 1516175308611, 'avbindu', 1516175308611),
	('369b22a8-008a-4c8b-801c-77bf0e84602f', 'aad1b092-1bf5-4068-9906-18efb1feb8fe', 'C15086', 'Wells_7', 'anonymousUser', 1516610078536, 'anonymousUser', 1516610078536),
	('36ba7f9d-560f-4b8b-bf04-62e8da093adc', '26dbd9c8-9473-40af-9a0d-1a6afaf9d6a6', 'C16236', 'Standard_Pacific', 'avbindu', 1516175308604, 'avbindu', 1516175308604),
	('37253d92-e75e-4af5-946b-2abbba458cb7', 'aad1b092-1bf5-4068-9906-18efb1feb8fe', 'C15138', 'Wells_2', 'anonymousUser', 1516610078427, 'anonymousUser', 1516610078427),
	('372db15f-508c-4425-b767-528d064049e4', 'aad1b092-1bf5-4068-9906-18efb1feb8fe', 'C15540', 'Wells_2', 'anonymousUser', 1516610078516, 'anonymousUser', 1516610078516),
	('38f9918d-6770-4401-b143-3652ef474132', 'aad1b092-1bf5-4068-9906-18efb1feb8fe', 'C15079', 'Wells_7', 'anonymousUser', 1516610078535, 'anonymousUser', 1516610078535),
	('39e45f78-c6cc-4db1-a5ad-b3e263db9b11', 'aad1b092-1bf5-4068-9906-18efb1feb8fe', 'C15151', 'Wells_2', 'anonymousUser', 1516610078436, 'anonymousUser', 1516610078436),
	('3a9f3fc4-7d07-4719-a8ba-d5e74b8044df', 'aad1b092-1bf5-4068-9906-18efb1feb8fe', 'C9212', 'Macquarie', 'anonymousUser', 1516610078104, 'anonymousUser', 1516610078104),
	('3ac01bb3-f20f-40b8-a1b3-362ac6c56552', 'aad1b092-1bf5-4068-9906-18efb1feb8fe', 'C6892', 'NationStar_2', 'anonymousUser', 1516610078144, 'anonymousUser', 1516610078144),
	('3ac73ae4-4e4b-48e9-adfb-b2832e3bd234', 'aad1b092-1bf5-4068-9906-18efb1feb8fe', 'C8674', 'Redwood_Trust_2', 'anonymousUser', 1516610078309, 'anonymousUser', 1516610078309),
	('3aec86f1-233b-475d-9df9-efda4a40e63d', 'aad1b092-1bf5-4068-9906-18efb1feb8fe', 'C15554', 'Wells_2', 'anonymousUser', 1516610078519, 'anonymousUser', 1516610078519),
	('3afc4c1e-4e1f-4c9d-9fd0-a9143e539b33', 'aad1b092-1bf5-4068-9906-18efb1feb8fe', 'C15542', 'Wells_2', 'anonymousUser', 1516610078516, 'anonymousUser', 1516610078516),
	('3c2ab053-5af7-4728-8323-b284fd937eb8', 'aad1b092-1bf5-4068-9906-18efb1feb8fe', 'C15003', 'Macquarie', 'anonymousUser', 1516610078106, 'anonymousUser', 1516610078106),
	('3c80bbb8-da5e-499b-944b-e2881af9de9e', 'aad1b092-1bf5-4068-9906-18efb1feb8fe', 'C8502', 'NationStar_2', 'anonymousUser', 1516610078158, 'anonymousUser', 1516610078158),
	('3cb764d8-a4a4-4a23-bf6a-0e44c55a7a1a', 'aad1b092-1bf5-4068-9906-18efb1feb8fe', 'C7516', 'Chase', 'anonymousUser', 1516610078024, 'anonymousUser', 1516610078024),
	('3d3019d2-c293-4eff-a37b-74eb074031f2', 'aad1b092-1bf5-4068-9906-18efb1feb8fe', 'C15373', 'Wells_9', 'anonymousUser', 1516610078559, 'anonymousUser', 1516610078559),
	('3e3c2a0c-caef-47d5-ad62-cdc64e457778', 'aad1b092-1bf5-4068-9906-18efb1feb8fe', 'C7510', 'Chase', 'anonymousUser', 1516610078016, 'anonymousUser', 1516610078016),
	('3e7cf902-9723-47c6-9323-03c21dc42dac', 'aad1b092-1bf5-4068-9906-18efb1feb8fe', 'C15366', 'Wells_9', 'anonymousUser', 1516610078556, 'anonymousUser', 1516610078556),
	('3ea5a7b1-06dd-490f-83e2-58fc54fd6875', 'aad1b092-1bf5-4068-9906-18efb1feb8fe', 'C15208', 'BNY', 'anonymousUser', 1516610078001, 'anonymousUser', 1516610078001),
	('3ec27f04-80b5-4fe0-bbae-7a5d0c23372a', 'aad1b092-1bf5-4068-9906-18efb1feb8fe', 'C14225', 'Wells_2', 'anonymousUser', 1516610078407, 'anonymousUser', 1516610078407),
	('3f59025c-3749-457f-8361-3facf45caa75', 'aad1b092-1bf5-4068-9906-18efb1feb8fe', 'C7508', 'Chase', 'anonymousUser', 1516610078014, 'anonymousUser', 1516610078014),
	('4074a4e2-d326-4e91-b7a2-4024c835e8f8', 'aad1b092-1bf5-4068-9906-18efb1feb8fe', 'C15085', 'Wells_7', 'anonymousUser', 1516610078536, 'anonymousUser', 1516610078536),
	('40e479a3-fb63-44c7-b0a9-7fee5b721cb5', 'aad1b092-1bf5-4068-9906-18efb1feb8fe', 'C9190', 'Wells_4', 'anonymousUser', 1516610078526, 'anonymousUser', 1516610078526),
	('4142a356-d0b3-42a3-8ee1-e66029710f64', 'aad1b092-1bf5-4068-9906-18efb1feb8fe', 'C15299', 'Wells_2', 'anonymousUser', 1516610078491, 'anonymousUser', 1516610078491),
	('417e40dd-873e-4e4e-8e9d-401a9c168ef3', 'aad1b092-1bf5-4068-9906-18efb1feb8fe', 'C15357', 'Wells_9', 'anonymousUser', 1516610078551, 'anonymousUser', 1516610078551),
	('41b175a1-52a7-48fd-98d7-0bd75f0749ce', 'aad1b092-1bf5-4068-9906-18efb1feb8fe', 'C15619', 'NationStar_2', 'anonymousUser', 1516610078250, 'anonymousUser', 1516610078250),
	('4237fa1f-e5ba-420d-92c3-fd620fe435cb', 'aad1b092-1bf5-4068-9906-18efb1feb8fe', 'C15128', 'Wells_2', 'anonymousUser', 1516610078419, 'anonymousUser', 1516610078419),
	('428519a9-58e7-40fd-86a0-dfeb469603ac', 'aad1b092-1bf5-4068-9906-18efb1feb8fe', 'C15349', 'Wells_2', 'anonymousUser', 1516610078442, 'anonymousUser', 1516610078442),
	('42b85be7-b7e1-406f-98c3-ca4d9da526d8', 'aad1b092-1bf5-4068-9906-18efb1feb8fe', 'C6640', 'RMS', 'anonymousUser', 1516610078339, 'anonymousUser', 1516610078339),
	('42d146e0-48db-4cd1-b320-69a978afa1a8', 'aad1b092-1bf5-4068-9906-18efb1feb8fe', 'C14088', 'Aurora', 'anonymousUser', 1516610077885, 'anonymousUser', 1516610077885),
	('43517f27-fd8c-43a2-8c2b-37d1fb54363c', 'aad1b092-1bf5-4068-9906-18efb1feb8fe', 'C15350', 'Wells_2', 'anonymousUser', 1516610078443, 'anonymousUser', 1516610078443),
	('4383ef20-420a-4c08-8bc9-be1ea799fb5c', 'aad1b092-1bf5-4068-9906-18efb1feb8fe', 'C14253', 'NationStar_2', 'anonymousUser', 1516610078235, 'anonymousUser', 1516610078235),
	('450e0bf1-4fb8-4aef-b429-3c8f0905ebc8', 'aad1b092-1bf5-4068-9906-18efb1feb8fe', 'C15343', 'Wells_2', 'anonymousUser', 1516610078472, 'anonymousUser', 1516610078472),
	('45223939-dd05-4fb8-8a07-c72cb0036c1e', 'aad1b092-1bf5-4068-9906-18efb1feb8fe', 'C6632', 'Ocwen_Wholly_Owned', 'anonymousUser', 1516610078285, 'anonymousUser', 1516610078285),
	('45df27b9-46f3-4da3-95e4-97b42637ff8a', 'aad1b092-1bf5-4068-9906-18efb1feb8fe', 'C15187', 'US_Bank', 'anonymousUser', 1516610078350, 'anonymousUser', 1516610078350),
	('46ae9862-1ed9-4411-b6d5-d304e6550f2a', '26dbd9c8-9473-40af-9a0d-1a6afaf9d6a6', 'C16237', 'Standard_Pacific', 'avbindu', 1516175308606, 'avbindu', 1516175308606),
	('46d80a5f-1f6a-4f6d-a120-1051e3d42bda', 'aad1b092-1bf5-4068-9906-18efb1feb8fe', 'C15314', 'Wells_2', 'anonymousUser', 1516610078448, 'anonymousUser', 1516610078448),
	('47019076-2732-4302-9257-e43de917dedc', 'aad1b092-1bf5-4068-9906-18efb1feb8fe', 'C15142', 'Wells_2', 'anonymousUser', 1516610078431, 'anonymousUser', 1516610078431),
	('4704dc30-3d58-4c89-bdde-35ac3cf0cb46', 'aad1b092-1bf5-4068-9906-18efb1feb8fe', 'C15543', 'Wells_2', 'anonymousUser', 1516610078517, 'anonymousUser', 1516610078517),
	('475f58e5-ea6b-4af2-9b0f-17289dcfc3f4', 'aad1b092-1bf5-4068-9906-18efb1feb8fe', 'C14110', 'NationStar_2', 'anonymousUser', 1516610078175, 'anonymousUser', 1516610078175),
	('48c1cdec-fad1-4011-b8ce-36edcf3fdb98', 'aad1b092-1bf5-4068-9906-18efb1feb8fe', 'C9146', 'Wells_12', 'anonymousUser', 1516610078580, 'anonymousUser', 1516610078580),
	('49369055-051d-4bf5-9881-2cf7aa5423f1', 'aad1b092-1bf5-4068-9906-18efb1feb8fe', 'C16475', 'Macquarie', 'anonymousUser', 1516610078108, 'anonymousUser', 1516610078108),
	('499a4554-fe2b-4a48-bca9-f1c97a95baa9', 'aad1b092-1bf5-4068-9906-18efb1feb8fe', 'C15395', 'Aurora', 'anonymousUser', 1516610077947, 'anonymousUser', 1516610077947),
	('49a0360e-493e-4854-a1fe-f0946cace7cd', 'aad1b092-1bf5-4068-9906-18efb1feb8fe', 'C15389', 'NationStar_2', 'anonymousUser', 1516610078188, 'anonymousUser', 1516610078188),
	('4a301108-a10f-495f-afd9-f2a66073b2bc', 'aad1b092-1bf5-4068-9906-18efb1feb8fe', 'C6902', 'NationStar_2', 'anonymousUser', 1516610078148, 'anonymousUser', 1516610078148),
	('4a6ce007-9b06-4ff7-8a53-c5218a36cfe8', 'aad1b092-1bf5-4068-9906-18efb1feb8fe', 'C15126', 'Wells_2', 'anonymousUser', 1516610078418, 'anonymousUser', 1516610078418),
	('4a75bfe8-2c72-4b77-b9bd-a5da4acc6df5', 'aad1b092-1bf5-4068-9906-18efb1feb8fe', 'C15529', 'Wells_2', 'anonymousUser', 1516610078507, 'anonymousUser', 1516610078507),
	('4b132fac-daad-4e55-99d9-93de0d941880', 'aad1b092-1bf5-4068-9906-18efb1feb8fe', 'C8362', 'NationStar_2', 'anonymousUser', 1516610078206, 'anonymousUser', 1516610078206),
	('4b4d9c54-dbcc-40f1-b5e5-9718c61868ef', 'aad1b092-1bf5-4068-9906-18efb1feb8fe', 'C15305', 'Wells_2', 'anonymousUser', 1516610078496, 'anonymousUser', 1516610078496),
	('4b6887e2-e39a-4917-b047-0c7160c950b4', 'aad1b092-1bf5-4068-9906-18efb1feb8fe', 'C16228', 'NFM_Lending', 'anonymousUser', 1516610078280, 'anonymousUser', 1516610078280),
	('4c4535f7-d54d-4708-bdc1-4a5fcfeb669b', 'aad1b092-1bf5-4068-9906-18efb1feb8fe', 'C9154', 'NationStar_2', 'anonymousUser', 1516610078222, 'anonymousUser', 1516610078222),
	('4c6c1e0e-43ff-4c18-bab2-d88e2c21e7f6', 'aad1b092-1bf5-4068-9906-18efb1feb8fe', 'C16369', 'NationStar_2', 'anonymousUser', 1516610078257, 'anonymousUser', 1516610078257),
	('4c6f7609-439a-48cd-9b4b-7788896e88f5', 'aad1b092-1bf5-4068-9906-18efb1feb8fe', 'C8680', 'Redwood_Trust', 'anonymousUser', 1516610078306, 'anonymousUser', 1516610078306),
	('4cbf96c2-47c4-4319-ab0d-566b12434046', 'aad1b092-1bf5-4068-9906-18efb1feb8fe', 'C8944', 'NationStar_2', 'anonymousUser', 1516610078160, 'anonymousUser', 1516610078160),
	('4ce9cfc6-94c1-4c01-bef6-fb3fa64e8645', 'aad1b092-1bf5-4068-9906-18efb1feb8fe', 'C9170', 'Wells_5', 'anonymousUser', 1516610078529, 'anonymousUser', 1516610078529),
	('4cf5f5f7-f234-4506-aea5-b0b5f0d05b74', 'aad1b092-1bf5-4068-9906-18efb1feb8fe', 'C7936', 'Bank_of_America', 'anonymousUser', 1516610077974, 'anonymousUser', 1516610077974),
	('4d252d01-6b76-449d-ac6b-567653172342', 'aad1b092-1bf5-4068-9906-18efb1feb8fe', 'C15143', 'Wells_2', 'anonymousUser', 1516610078431, 'anonymousUser', 1516610078431),
	('4d295a74-059d-496e-891c-b63103d79bca', 'aad1b092-1bf5-4068-9906-18efb1feb8fe', 'C16058', 'RESI', 'anonymousUser', 1516610078330, 'anonymousUser', 1516610078330),
	('4d8f60ce-8b10-4f88-88b5-bb8ce4627ded', 'aad1b092-1bf5-4068-9906-18efb1feb8fe', 'C15095', 'Wells_11', 'anonymousUser', 1516610078579, 'anonymousUser', 1516610078579),
	('4ddf5fc8-b4cc-43da-a07d-9c4e62a05a47', 'aad1b092-1bf5-4068-9906-18efb1feb8fe', 'C15015', 'E_Trade', 'anonymousUser', 1516610078065, 'anonymousUser', 1516610078065),
	('4df71550-8644-4b14-8cc0-99649f2c642e', 'aad1b092-1bf5-4068-9906-18efb1feb8fe', 'C8688', 'Redwood_Trust_2', 'anonymousUser', 1516610078314, 'anonymousUser', 1516610078314),
	('4e54384e-8204-45ac-87ff-044bb733f1fe', 'aad1b092-1bf5-4068-9906-18efb1feb8fe', 'C8435', 'Deutsche', 'anonymousUser', 1516610078048, 'anonymousUser', 1516610078048),
	('4e55e056-28a7-4c18-8974-e409699fbd03', 'aad1b092-1bf5-4068-9906-18efb1feb8fe', 'C14095', 'NationStar_2', 'anonymousUser', 1516610078230, 'anonymousUser', 1516610078230),
	('4e795374-144a-4f86-86b6-1ca1c982aa52', 'aad1b092-1bf5-4068-9906-18efb1feb8fe', 'C8301', 'RMS', 'anonymousUser', 1516610078338, 'anonymousUser', 1516610078338),
	('4e95de46-c2a0-4427-b5df-a16fb1ee4cb1', 'aad1b092-1bf5-4068-9906-18efb1feb8fe', 'C16343', 'Tidewater_Mortgage', 'anonymousUser', 1516610078347, 'anonymousUser', 1516610078347),
	('4e9822e5-97bc-4717-a567-80d39c3f14c3', 'aad1b092-1bf5-4068-9906-18efb1feb8fe', 'C6638', 'Ocwen_Wholly_Owned', 'anonymousUser', 1516610078287, 'anonymousUser', 1516610078287),
	('4ed992ef-da91-4120-bbb4-e7204f5f1dfa', 'aad1b092-1bf5-4068-9906-18efb1feb8fe', 'C15316', 'Wells_2', 'anonymousUser', 1516610078450, 'anonymousUser', 1516610078450),
	('4ef263ba-1de4-4d74-8ede-0c0b809c1e13', 'aad1b092-1bf5-4068-9906-18efb1feb8fe', 'C15388', 'Aurora', 'anonymousUser', 1516610077957, 'anonymousUser', 1516610077957),
	('4f23803a-421f-4ff8-9b87-b173d1c9c59a', 'aad1b092-1bf5-4068-9906-18efb1feb8fe', 'C15539', 'Wells_2', 'anonymousUser', 1516610078515, 'anonymousUser', 1516610078515),
	('506a03f3-0154-48bb-a022-dfa2f94afa96', 'aad1b092-1bf5-4068-9906-18efb1feb8fe', 'C15077', 'Wells_7', 'anonymousUser', 1516610078533, 'anonymousUser', 1516610078533),
	('506b0c1e-f957-4211-880f-c1344c656112', 'aad1b092-1bf5-4068-9906-18efb1feb8fe', 'C9075', 'E_Trade', 'anonymousUser', 1516610078054, 'anonymousUser', 1516610078054),
	('507896f0-d2dd-41c4-9e27-7c69ddbd8efa', 'aad1b092-1bf5-4068-9906-18efb1feb8fe', 'C15374', 'Wells_9', 'anonymousUser', 1516610078559, 'anonymousUser', 1516610078559),
	('50c7cfab-95bb-44b1-9ff9-150213c5f972', 'aad1b092-1bf5-4068-9906-18efb1feb8fe', 'C15544', 'Wells_2', 'anonymousUser', 1516610078518, 'anonymousUser', 1516610078518),
	('50cf66fb-9075-4207-ae56-4caa4bf3b3b4', 'aad1b092-1bf5-4068-9906-18efb1feb8fe', 'C15338', 'Wells_2', 'anonymousUser', 1516610078465, 'anonymousUser', 1516610078465),
	('51345cc5-16e7-4b68-b733-eb308397221c', 'aad1b092-1bf5-4068-9906-18efb1feb8fe', 'C15394', 'Aurora', 'anonymousUser', 1516610077946, 'anonymousUser', 1516610077946),
	('514dda78-5506-49cc-bcd4-be10c96acfb6', 'aad1b092-1bf5-4068-9906-18efb1feb8fe', 'C15136', 'Wells_2', 'anonymousUser', 1516610078425, 'anonymousUser', 1516610078425),
	('51a49ef1-58e7-4d10-85d2-303c21031880', 'aad1b092-1bf5-4068-9906-18efb1feb8fe', 'C15337', 'Wells_2', 'anonymousUser', 1516610078464, 'anonymousUser', 1516610078464),
	('524aa544-3e4e-403c-8dd3-3b5bcc3086e3', 'aad1b092-1bf5-4068-9906-18efb1feb8fe', 'C6886', 'NationStar_2', 'anonymousUser', 1516610078142, 'anonymousUser', 1516610078142),
	('527a3a90-7ea1-4e14-91d8-655820dda97e', 'aad1b092-1bf5-4068-9906-18efb1feb8fe', 'C14086', 'NationStar_2', 'anonymousUser', 1516610078229, 'anonymousUser', 1516610078229),
	('529c0cd9-4dfb-4748-a5c6-922109e0022f', 'aad1b092-1bf5-4068-9906-18efb1feb8fe', 'C6636', 'Ocwen_Wholly_Owned', 'anonymousUser', 1516610078286, 'anonymousUser', 1516610078286),
	('532bb4bb-cebb-495e-81e5-f00e8c8567be', 'aad1b092-1bf5-4068-9906-18efb1feb8fe', 'C6650', 'Ocwen_Wholly_Owned', 'anonymousUser', 1516610078292, 'anonymousUser', 1516610078292),
	('533036c6-2e93-4445-a11f-beb4c6451c37', 'aad1b092-1bf5-4068-9906-18efb1feb8fe', 'C16269', 'Washington_Mutual', 'anonymousUser', 1516610078354, 'anonymousUser', 1516610078354),
	('53d1718d-6b5f-4ae4-8fec-b11c2d6ebf93', 'aad1b092-1bf5-4068-9906-18efb1feb8fe', 'C15322', 'Wells_2', 'anonymousUser', 1516610078454, 'anonymousUser', 1516610078454),
	('53d7873c-572f-4f86-b476-f9b9fe921ae9', 'aad1b092-1bf5-4068-9906-18efb1feb8fe', 'C15075', 'Wells_7', 'anonymousUser', 1516610078533, 'anonymousUser', 1516610078533),
	('540e0287-8651-4de3-9c8f-cb7d7c313b29', 'aad1b092-1bf5-4068-9906-18efb1feb8fe', 'C9138', 'NationStar_2', 'anonymousUser', 1516610078219, 'anonymousUser', 1516610078219),
	('542779e3-9aef-41ed-b109-29bf02df229c', 'aad1b092-1bf5-4068-9906-18efb1feb8fe', 'C14301', 'Aurora', 'anonymousUser', 1516610077936, 'anonymousUser', 1516610077936),
	('544c83e6-d096-46f7-828f-ee505c6e6475', 'aad1b092-1bf5-4068-9906-18efb1feb8fe', 'C15602', 'Nationstar_4', 'anonymousUser', 1516610078262, 'anonymousUser', 1516610078262),
	('54bf31b7-1c36-4098-8c22-0361a1bce701', 'aad1b092-1bf5-4068-9906-18efb1feb8fe', 'C8501', 'NationStar_2', 'anonymousUser', 1516610078157, 'anonymousUser', 1516610078157),
	('54ca63b1-1990-4e57-862a-7257059aefb5', 'aad1b092-1bf5-4068-9906-18efb1feb8fe', 'C6889', 'NationStar_2', 'anonymousUser', 1516610078201, 'anonymousUser', 1516610078201),
	('54ee5b6a-694e-4a2f-9595-12c8cc752e6b', 'aad1b092-1bf5-4068-9906-18efb1feb8fe', 'C7885', 'Bank_of_America', 'anonymousUser', 1516610077972, 'anonymousUser', 1516610077972),
	('553de2ab-30cf-40aa-8ac3-3a7996fcd08e', 'aad1b092-1bf5-4068-9906-18efb1feb8fe', 'C15087', 'Wells_7', 'anonymousUser', 1516610078537, 'anonymousUser', 1516610078537),
	('554c4dfb-399b-4eb7-94b6-eeedeced088d', 'aad1b092-1bf5-4068-9906-18efb1feb8fe', 'C15155', 'Wells_2', 'anonymousUser', 1516610078437, 'anonymousUser', 1516610078437),
	('5600ba77-42a2-4e41-b8d2-850520e7f9fc', 'aad1b092-1bf5-4068-9906-18efb1feb8fe', 'C16234', 'ResCap', 'anonymousUser', 1516610078321, 'anonymousUser', 1516610078321),
	('56a52c1c-4af0-4064-8112-fea1a8205053', 'aad1b092-1bf5-4068-9906-18efb1feb8fe', 'C15605', 'NationStar_2', 'anonymousUser', 1516610078241, 'anonymousUser', 1516610078241),
	('571f691b-5fdf-433c-8b13-bffbb7343233', 'aad1b092-1bf5-4068-9906-18efb1feb8fe', 'C15409', 'SOVEREIGN_BANK', 'anonymousUser', 1516610078344, 'anonymousUser', 1516610078344),
	('57ba1499-5933-4684-8e11-b093aa984590', 'aad1b092-1bf5-4068-9906-18efb1feb8fe', 'C7974', 'Bank_of_America', 'anonymousUser', 1516610077990, 'anonymousUser', 1516610077990),
	('587203a0-783a-4987-938a-91534d2a7c28', 'aad1b092-1bf5-4068-9906-18efb1feb8fe', 'C15082', 'Wells_7', 'anonymousUser', 1516610078535, 'anonymousUser', 1516610078535),
	('59822b7a-5859-4466-a009-f37df0536ba9', 'aad1b092-1bf5-4068-9906-18efb1feb8fe', 'C15609', 'Nationstar_4', 'anonymousUser', 1516610078265, 'anonymousUser', 1516610078265),
	('598a7996-e4d4-439f-9a57-d61b8bb724ea', 'aad1b092-1bf5-4068-9906-18efb1feb8fe', 'C15287', 'Wells_2', 'anonymousUser', 1516610078483, 'anonymousUser', 1516610078483),
	('599788f2-e09f-4ae2-8359-5f06670493ad', 'aad1b092-1bf5-4068-9906-18efb1feb8fe', 'C15375', 'Wells_9', 'anonymousUser', 1516610078560, 'anonymousUser', 1516610078560),
	('59c62d12-7d0d-431d-a7c1-7e87c7023b21', 'aad1b092-1bf5-4068-9906-18efb1feb8fe', 'C15324', 'Wells_2', 'anonymousUser', 1516610078456, 'anonymousUser', 1516610078456),
	('5a5c4606-63bf-4aac-b98e-05bf62e9f7dc', 'aad1b092-1bf5-4068-9906-18efb1feb8fe', 'C7975', 'Bank_of_America', 'anonymousUser', 1516610077991, 'anonymousUser', 1516610077991),
	('5b35ee55-9760-4035-901a-295669eab6b7', 'aad1b092-1bf5-4068-9906-18efb1feb8fe', 'C14260', 'NationStar_2', 'anonymousUser', 1516610078236, 'anonymousUser', 1516610078236),
	('5b42c4ef-3d32-43cb-9af3-79b63d60e4d7', 'aad1b092-1bf5-4068-9906-18efb1feb8fe', 'C8689', 'Redwood_Trust_2', 'anonymousUser', 1516610078315, 'anonymousUser', 1516610078315),
	('5b524629-dd52-4212-b9c7-9964f277dedf', 'aad1b092-1bf5-4068-9906-18efb1feb8fe', 'C888', 'Lehman', 'anonymousUser', 1516610078094, 'anonymousUser', 1516610078094),
	('5b5c0ff6-d70d-4df0-adbd-2f90a43a3380', 'aad1b092-1bf5-4068-9906-18efb1feb8fe', 'C16479', 'Fortress_Investment', 'anonymousUser', 1516610078075, 'anonymousUser', 1516610078075),
	('5b787433-93a1-47cb-9aa9-892a180eb751', 'aad1b092-1bf5-4068-9906-18efb1feb8fe', 'C9164', 'Wells_5', 'anonymousUser', 1516610078528, 'anonymousUser', 1516610078528),
	('5b85d65f-74aa-418b-bacb-1692569d0ac3', 'aad1b092-1bf5-4068-9906-18efb1feb8fe', 'C7735', 'NationStar_2', 'anonymousUser', 1516610078149, 'anonymousUser', 1516610078149),
	('5c3acd80-b188-47a3-b499-062a85be25f7', 'aad1b092-1bf5-4068-9906-18efb1feb8fe', 'C14420', 'Wells_2', 'anonymousUser', 1516610078415, 'anonymousUser', 1516610078415),
	('5d549669-f54c-4674-8dae-a5387ff0f3ca', 'aad1b092-1bf5-4068-9906-18efb1feb8fe', 'C8939', 'NationStar_2', 'anonymousUser', 1516610078217, 'anonymousUser', 1516610078217),
	('5d985c89-63b6-4aae-8904-b6903bd406f5', 'aad1b092-1bf5-4068-9906-18efb1feb8fe', 'C14100', 'Aurora', 'anonymousUser', 1516610077905, 'anonymousUser', 1516610077905),
	('5e9c1316-a7ac-46a9-be81-ffdf05dfa330', 'aad1b092-1bf5-4068-9906-18efb1feb8fe', 'C6648', 'Ocwen_Wholly_Owned', 'anonymousUser', 1516610078289, 'anonymousUser', 1516610078289),
	('5f2f647b-2e1f-4376-bbc8-0bf1818e8e69', 'aad1b092-1bf5-4068-9906-18efb1feb8fe', 'C16477', 'Fortress_Investment', 'anonymousUser', 1516610078070, 'anonymousUser', 1516610078070),
	('5f3e4e6a-ed2f-4c1a-aaf7-4ba091eb9683', 'aad1b092-1bf5-4068-9906-18efb1feb8fe', 'C14279', 'Wells_2', 'anonymousUser', 1516610078411, 'anonymousUser', 1516610078411),
	('5f75c49d-96cd-4b82-be3a-b1eb6411ed32', 'aad1b092-1bf5-4068-9906-18efb1feb8fe', 'C16231', 'ResCap', 'anonymousUser', 1516610078317, 'anonymousUser', 1516610078317),
	('6047f7e1-d2cd-41c5-ada1-a58499586407', 'aad1b092-1bf5-4068-9906-18efb1feb8fe', 'C15206', 'BNY', 'anonymousUser', 1516610077999, 'anonymousUser', 1516610077999),
	('60943a60-780f-46f4-ad37-6fee77d492cd', 'aad1b092-1bf5-4068-9906-18efb1feb8fe', 'C16488', 'Nomura', 'anonymousUser', 1516610078281, 'anonymousUser', 1516610078281),
	('60bfacf3-85e2-480c-ba41-02cd74b26977', 'aad1b092-1bf5-4068-9906-18efb1feb8fe', 'C16275', 'Washington_Mutual', 'anonymousUser', 1516610078360, 'anonymousUser', 1516610078360),
	('61013384-7d35-4351-8786-c3347ddcdc2d', 'aad1b092-1bf5-4068-9906-18efb1feb8fe', 'C16177', 'Countrywide', 'anonymousUser', 1516610078036, 'anonymousUser', 1516610078036),
	('61a53a42-2a81-489c-9259-dea9fc74461d', 'aad1b092-1bf5-4068-9906-18efb1feb8fe', 'C15081', 'Wells_11', 'anonymousUser', 1516610078578, 'anonymousUser', 1516610078578),
	('61bad9bf-8b2b-417c-9a8b-d7f7b5a2488a', 'aad1b092-1bf5-4068-9906-18efb1feb8fe', 'C8420', 'AEGON', 'anonymousUser', 1516610077875, 'anonymousUser', 1516610077875),
	('61c40ed3-dbb9-42e5-a793-192b8f802be3', 'aad1b092-1bf5-4068-9906-18efb1feb8fe', 'C16365', 'RESI', 'anonymousUser', 1516610078336, 'anonymousUser', 1516610078336),
	('6201a677-dfa8-40fd-b3fb-234102e1a1c5', 'aad1b092-1bf5-4068-9906-18efb1feb8fe', 'C15448', 'US_Bank', 'anonymousUser', 1516610078350, 'anonymousUser', 1516610078350),
	('6258ce11-d681-4b18-b6b3-38f2b35270ac', 'aad1b092-1bf5-4068-9906-18efb1feb8fe', 'C8327', 'NationStar', 'anonymousUser', 1516610078137, 'anonymousUser', 1516610078137),
	('6291bec8-753d-462c-a25c-c5afde9be256', 'aad1b092-1bf5-4068-9906-18efb1feb8fe', 'C16480', 'Red_Creek', 'anonymousUser', 1516610078304, 'anonymousUser', 1516610078304),
	('62a4b1b7-e178-4735-81b1-4c5aadc51b7f', 'aad1b092-1bf5-4068-9906-18efb1feb8fe', 'C15317', 'Wells_2', 'anonymousUser', 1516610078451, 'anonymousUser', 1516610078451),
	('62a558b1-f0c0-4f15-94cc-bd95dfe2fb62', 'aad1b092-1bf5-4068-9906-18efb1feb8fe', 'C15369', 'Wells_9', 'anonymousUser', 1516610078557, 'anonymousUser', 1516610078557),
	('62e87b94-ef2f-4ae2-a399-21344672d1f7', 'aad1b092-1bf5-4068-9906-18efb1feb8fe', 'C15617', 'NationStar_2', 'anonymousUser', 1516610078247, 'anonymousUser', 1516610078247),
	('635db074-a13c-4057-88db-37225cd5e749', 'aad1b092-1bf5-4068-9906-18efb1feb8fe', 'C14393', 'Wells_2', 'anonymousUser', 1516610078412, 'anonymousUser', 1516610078412),
	('64950edb-a463-48bf-8b59-d88d86680c66', 'aad1b092-1bf5-4068-9906-18efb1feb8fe', 'C8409', 'Wells_3', 'anonymousUser', 1516610078519, 'anonymousUser', 1516610078519),
	('651f5843-12a2-487f-a2be-77f028aafbaf', 'aad1b092-1bf5-4068-9906-18efb1feb8fe', 'C15607', 'Nationstar_4', 'anonymousUser', 1516610078264, 'anonymousUser', 1516610078264),
	('652daf31-6fa3-42fd-ab4b-32b38968da71', '63c4ade4-9652-49c4-9cf6-3c7df72dc3ec', 'C16237', 'Standard_Pacific', 'avbindu', 1516175426053, 'avbindu', 1516175426053),
	('6548f0cf-c1ec-49a5-9985-1551a49a8fa4', 'aad1b092-1bf5-4068-9906-18efb1feb8fe', 'C8679', 'Redwood_Trust_2', 'anonymousUser', 1516610078311, 'anonymousUser', 1516610078311),
	('66949b30-8456-4744-8849-6486c77ce41b', 'aad1b092-1bf5-4068-9906-18efb1feb8fe', 'C15596', 'Nationstar_4', 'anonymousUser', 1516610078261, 'anonymousUser', 1516610078261),
	('66d05ce0-84a5-4dcc-b47b-d6ac2ff34b25', 'aad1b092-1bf5-4068-9906-18efb1feb8fe', 'C8170', 'Wells_2', 'anonymousUser', 1516610078380, 'anonymousUser', 1516610078380),
	('66d08f66-6247-4d3d-bff5-f36e4440ab35', 'aad1b092-1bf5-4068-9906-18efb1feb8fe', 'C15301', 'Wells_2', 'anonymousUser', 1516610078492, 'anonymousUser', 1516610078492),
	('67365d1e-38c7-4a8c-9f1c-0bf87acb4f56', 'aad1b092-1bf5-4068-9906-18efb1feb8fe', 'C15125', 'Wells_2', 'anonymousUser', 1516610078416, 'anonymousUser', 1516610078416),
	('68085314-3bf2-4fe9-a004-37e0f800cd82', 'aad1b092-1bf5-4068-9906-18efb1feb8fe', 'C8717', 'Wells_10', 'anonymousUser', 1516610078567, 'anonymousUser', 1516610078567),
	('686c60e6-ac1f-4903-b890-a847282df313', 'aad1b092-1bf5-4068-9906-18efb1feb8fe', 'C8684', 'Redwood_Trust', 'anonymousUser', 1516610078307, 'anonymousUser', 1516610078307),
	('6a4dbbae-aedd-436b-bd91-c82619664040', 'aad1b092-1bf5-4068-9906-18efb1feb8fe', 'C15331', 'Wells_2', 'anonymousUser', 1516610078460, 'anonymousUser', 1516610078460),
	('6ac95751-ffff-4ceb-9feb-a36062f665c5', 'aad1b092-1bf5-4068-9906-18efb1feb8fe', 'C15276', 'Aurora', 'anonymousUser', 1516610077963, 'anonymousUser', 1516610077963),
	('6aea77f8-29fb-4bea-a875-826a3d03bc77', 'aad1b092-1bf5-4068-9906-18efb1feb8fe', 'C15291', 'RESI', 'anonymousUser', 1516610078327, 'anonymousUser', 1516610078327),
	('6af55e3c-03b4-4814-bb4f-4581424a3638', 'aad1b092-1bf5-4068-9906-18efb1feb8fe', 'C15098', 'Wells_7', 'anonymousUser', 1516610078544, 'anonymousUser', 1516610078544),
	('6b207726-8c97-48e4-9a0a-a395e9803109', 'aad1b092-1bf5-4068-9906-18efb1feb8fe', 'C15212', 'BNY', 'anonymousUser', 1516610078007, 'anonymousUser', 1516610078007),
	('6c6eaf8d-ed49-44a9-beed-37c5ebb001bc', 'aad1b092-1bf5-4068-9906-18efb1feb8fe', 'C16265', 'RESI', 'anonymousUser', 1516610078332, 'anonymousUser', 1516610078332),
	('6cf9ebc8-a60c-4c34-bc87-16058d4b919e', 'aad1b092-1bf5-4068-9906-18efb1feb8fe', 'C14090', 'Nationstar_4', 'anonymousUser', 1516610078259, 'anonymousUser', 1516610078259),
	('6d6fda0b-e28a-4390-9dca-a9b9c093864b', 'aad1b092-1bf5-4068-9906-18efb1feb8fe', 'C8434', 'Deutsche', 'anonymousUser', 1516610078047, 'anonymousUser', 1516610078047),
	('6dab588f-7141-464e-b123-5d6b687ec9ba', 'aad1b092-1bf5-4068-9906-18efb1feb8fe', 'C6890', 'NationStar', 'anonymousUser', 1516610078118, 'anonymousUser', 1516610078118),
	('6df66c56-739c-4d25-bd06-8d28b149702a', 'aad1b092-1bf5-4068-9906-18efb1feb8fe', 'C15399', 'Aurora', 'anonymousUser', 1516610077953, 'anonymousUser', 1516610077953),
	('6ebe61ac-2c5e-4137-94d7-94af1b6bc507', 'aad1b092-1bf5-4068-9906-18efb1feb8fe', 'C8692', 'Wells_4', 'anonymousUser', 1516610078524, 'anonymousUser', 1516610078524),
	('6f53cb0c-0d10-47c7-9476-45b20c85e2bd', 'aad1b092-1bf5-4068-9906-18efb1feb8fe', 'C15547', 'PCGS_HELOC ', 'anonymousUser', 1516610078301, 'anonymousUser', 1516610078301),
	('6fb86030-3911-4384-8745-37403eb1a54a', 'aad1b092-1bf5-4068-9906-18efb1feb8fe', 'C15150', 'Wells_2', 'anonymousUser', 1516610078435, 'anonymousUser', 1516610078435),
	('7033074e-994a-451e-a925-75af931578f9', 'aad1b092-1bf5-4068-9906-18efb1feb8fe', 'C15597', 'Nationstar_4', 'anonymousUser', 1516610078261, 'anonymousUser', 1516610078261),
	('70845ae9-0ac6-493e-9d6f-b21618efdfe1', 'aad1b092-1bf5-4068-9906-18efb1feb8fe', 'C15148', 'Wells_2', 'anonymousUser', 1516610078433, 'anonymousUser', 1516610078433),
	('7110223c-32c8-4c28-add9-d888045799df', 'aad1b092-1bf5-4068-9906-18efb1feb8fe', 'C8546', 'Wells_4', 'anonymousUser', 1516610078521, 'anonymousUser', 1516610078521),
	('7170afea-bfd8-4c03-8971-cce87a403222', 'aad1b092-1bf5-4068-9906-18efb1feb8fe', 'C15336', 'Wells_2', 'anonymousUser', 1516610078463, 'anonymousUser', 1516610078463),
	('71b0219b-f247-4107-b328-d4e3d6ad4ad8', 'aad1b092-1bf5-4068-9906-18efb1feb8fe', 'C15378', 'Wells_9', 'anonymousUser', 1516610078561, 'anonymousUser', 1516610078561),
	('721317ca-0e2c-4276-93be-5d905d40fde1', 'aad1b092-1bf5-4068-9906-18efb1feb8fe', 'C15606', 'NationStar_2', 'anonymousUser', 1516610078197, 'anonymousUser', 1516610078197),
	('723c8fc7-b90a-4c61-8e34-5c5074572695', 'aad1b092-1bf5-4068-9906-18efb1feb8fe', 'C8911', 'NationStar_2', 'anonymousUser', 1516610078214, 'anonymousUser', 1516610078214),
	('727b321a-903b-498b-8aee-88b259610b61', 'aad1b092-1bf5-4068-9906-18efb1feb8fe', 'C15312', 'Wells_2', 'anonymousUser', 1516610078446, 'anonymousUser', 1516610078446),
	('7285f6d3-3a39-4aae-8b1d-27051f819989', 'aad1b092-1bf5-4068-9906-18efb1feb8fe', 'C7515', 'Chase', 'anonymousUser', 1516610078023, 'anonymousUser', 1516610078023),
	('72c12599-e1ab-4ab2-9845-154a2e7f3fcb', 'aad1b092-1bf5-4068-9906-18efb1feb8fe', 'C9108', 'Wells_17', 'anonymousUser', 1516610078583, 'anonymousUser', 1516610078583),
	('72e586b5-cfc8-455d-ae61-9cc4e76e46f2', 'aad1b092-1bf5-4068-9906-18efb1feb8fe', 'C14418', 'Wells_2', 'anonymousUser', 1516610078414, 'anonymousUser', 1516610078414),
	('730cedc7-6fde-42e3-b2e0-007dca30f1b9', 'aad1b092-1bf5-4068-9906-18efb1feb8fe', 'C15303', 'Wells_2', 'anonymousUser', 1516610078494, 'anonymousUser', 1516610078494),
	('743edbdf-5e8e-4941-ab8a-b17f03c6dc3e', 'aad1b092-1bf5-4068-9906-18efb1feb8fe', 'C15091', 'Wells_7', 'anonymousUser', 1516610078538, 'anonymousUser', 1516610078538),
	('74615229-ec51-4fb3-9a97-7a58caeb03a5', 'aad1b092-1bf5-4068-9906-18efb1feb8fe', 'C14114', 'NationStar_2', 'anonymousUser', 1516610078179, 'anonymousUser', 1516610078179),
	('746b5ac5-8a9d-42b7-a572-353de496156b', 'aad1b092-1bf5-4068-9906-18efb1feb8fe', 'C15302', 'Wells_2', 'anonymousUser', 1516610078493, 'anonymousUser', 1516610078493),
	('74d44f78-3372-4882-9867-d377764a0dd6', 'aad1b092-1bf5-4068-9906-18efb1feb8fe', 'C15298', 'Wells_2', 'anonymousUser', 1516610078490, 'anonymousUser', 1516610078490),
	('74ea6dc8-fee1-429f-a38b-e518dde7c1c1', 'aad1b092-1bf5-4068-9906-18efb1feb8fe', 'C6458', 'Credit_Suisse', 'anonymousUser', 1516610078040, 'anonymousUser', 1516610078040),
	('74fc4b90-fed8-411d-9572-9f03962abd8b', 'aad1b092-1bf5-4068-9906-18efb1feb8fe', 'C15149', 'Wells_2', 'anonymousUser', 1516610078434, 'anonymousUser', 1516610078434),
	('75538ce9-047b-4ca3-9ea6-f1ec3e005a9c', 'aad1b092-1bf5-4068-9906-18efb1feb8fe', 'C8548', 'Wells_4', 'anonymousUser', 1516610078521, 'anonymousUser', 1516610078521),
	('75597fb4-4f0e-4898-980e-efaaca5e71fa', 'aad1b092-1bf5-4068-9906-18efb1feb8fe', 'C15377', 'Wells_9', 'anonymousUser', 1516610078561, 'anonymousUser', 1516610078561),
	('76293201-29da-44ee-b8bd-13f31448824a', 'aad1b092-1bf5-4068-9906-18efb1feb8fe', 'C8673', 'Redwood_Trust_2', 'anonymousUser', 1516610078308, 'anonymousUser', 1516610078308),
	('7681e758-50ba-4b05-a1fb-9c34c2de1fd6', 'aad1b092-1bf5-4068-9906-18efb1feb8fe', 'C15613', 'NationStar_2', 'anonymousUser', 1516610078243, 'anonymousUser', 1516610078243),
	('76fe6ccd-a0e2-4825-9427-987b2be0452d', 'aad1b092-1bf5-4068-9906-18efb1feb8fe', 'C14272', 'Wells_2', 'anonymousUser', 1516610078410, 'anonymousUser', 1516610078410),
	('775616e2-2b7f-45bc-b208-0e661f3932b6', 'aad1b092-1bf5-4068-9906-18efb1feb8fe', 'C7519', 'Chase', 'anonymousUser', 1516610078028, 'anonymousUser', 1516610078028),
	('775c28cd-9c56-4c69-a78b-fc23ea41e0c5', 'aad1b092-1bf5-4068-9906-18efb1feb8fe', 'C9062', 'Treasury_Bank', 'anonymousUser', 1516610078348, 'anonymousUser', 1516610078348),
	('77876b6b-a49e-47dd-aa37-8e42c41a29d6', 'aad1b092-1bf5-4068-9906-18efb1feb8fe', 'C7963', 'Bank_of_America', 'anonymousUser', 1516610077983, 'anonymousUser', 1516610077983),
	('77a6a109-11f9-4388-b904-769ad23a9d7b', 'aad1b092-1bf5-4068-9906-18efb1feb8fe', 'C15071', 'Wells_7', 'anonymousUser', 1516610078531, 'anonymousUser', 1516610078531),
	('783e891c-9cb2-4dc5-907e-686ac32ffafd', 'aad1b092-1bf5-4068-9906-18efb1feb8fe', 'C8161', 'Wells_2', 'anonymousUser', 1516610078378, 'anonymousUser', 1516610078378),
	('7a38a46a-a069-47ad-ab38-6ec585b4e15e', 'aad1b092-1bf5-4068-9906-18efb1feb8fe', 'C6904', 'NationStar_2', 'anonymousUser', 1516610078203, 'anonymousUser', 1516610078203),
	('7a42b606-8e48-4205-b3a1-79844680e95d', 'aad1b092-1bf5-4068-9906-18efb1feb8fe', 'C16274', 'Washington_Mutual', 'anonymousUser', 1516610078359, 'anonymousUser', 1516610078359),
	('7a825d43-667c-407e-9efc-64aed735bab5', 'aad1b092-1bf5-4068-9906-18efb1feb8fe', 'C14071', 'Wells_2', 'anonymousUser', 1516610078404, 'anonymousUser', 1516610078404),
	('7a9ac879-57b3-40e5-a58e-eaa09178f903', 'aad1b092-1bf5-4068-9906-18efb1feb8fe', 'C7824', 'NationStar_2', 'anonymousUser', 1516610078151, 'anonymousUser', 1516610078151),
	('7c2abda7-ea90-42b3-aef0-3dfafeac8ddc', 'aad1b092-1bf5-4068-9906-18efb1feb8fe', 'C15280', 'Aurora', 'anonymousUser', 1516610077966, 'anonymousUser', 1516610077966),
	('7cabdad7-ab16-4061-ac3d-ce4f53fba872', 'aad1b092-1bf5-4068-9906-18efb1feb8fe', 'C9247', 'First_Bank', 'anonymousUser', 1516610078076, 'anonymousUser', 1516610078076),
	('7d93ed51-b3f7-408b-bd45-cd581461e3f4', 'aad1b092-1bf5-4068-9906-18efb1feb8fe', 'C16273', 'Washington_Mutual', 'anonymousUser', 1516610078358, 'anonymousUser', 1516610078358),
	('7ed0fe2c-d56c-401b-92d7-64d2f8789084', '49cb3bf1-eb86-4e5b-b50c-b1ba25c6a1ce', 'C16343', 'Tidewater_Mortgage', 'avbindu', 1516175358753, 'avbindu', 1516175358753),
	('7f127885-1218-457b-b994-0d2be4501f15', 'aad1b092-1bf5-4068-9906-18efb1feb8fe', 'C8716', 'Wells_9', 'anonymousUser', 1516610078546, 'anonymousUser', 1516610078546),
	('7f32ae45-7c86-49c6-93b0-5ee8b84732fb', 'aad1b092-1bf5-4068-9906-18efb1feb8fe', 'C16233', 'ResCap', 'anonymousUser', 1516610078319, 'anonymousUser', 1516610078319),
	('7f38d22d-9245-412f-a09e-02e5be74e66d', 'aad1b092-1bf5-4068-9906-18efb1feb8fe', 'C15159', 'Wells_2', 'anonymousUser', 1516610078440, 'anonymousUser', 1516610078440),
	('7f731770-3768-4e66-8d24-71cebd4e4ec9', 'aad1b092-1bf5-4068-9906-18efb1feb8fe', 'C15088', 'Wells_7', 'anonymousUser', 1516610078537, 'anonymousUser', 1516610078537),
	('7f7b3d62-58af-4d85-a8c1-286d95214540', 'aad1b092-1bf5-4068-9906-18efb1feb8fe', 'C16174', 'Cadence_Bank', 'anonymousUser', 1516610078009, 'anonymousUser', 1516610078009),
	('7fd4f076-2b46-4659-ac30-3f4c4d71b9ab', 'aad1b092-1bf5-4068-9906-18efb1feb8fe', 'C16296', 'RESI', 'anonymousUser', 1516610078334, 'anonymousUser', 1516610078334),
	('8075ebc4-ecda-4405-af7b-471d7f18708e', 'aad1b092-1bf5-4068-9906-18efb1feb8fe', 'C6594', 'Ocwen_Partially_Owned', 'anonymousUser', 1516610078283, 'anonymousUser', 1516610078283),
	('809febbc-c41b-476e-87c6-ab846ca7e523', 'aad1b092-1bf5-4068-9906-18efb1feb8fe', 'C9210', 'Macquarie', 'anonymousUser', 1516610078102, 'anonymousUser', 1516610078102),
	('816bf77f-95d1-48e9-bba2-a68ef7ec29dc', 'aad1b092-1bf5-4068-9906-18efb1feb8fe', 'C14078', 'NationStar_2', 'anonymousUser', 1516610078223, 'anonymousUser', 1516610078223),
	('81bf46cd-8a49-4b36-9c41-4c0d1f5a0cc0', 'aad1b092-1bf5-4068-9906-18efb1feb8fe', 'C9114', 'Home_Savings_Bank', 'anonymousUser', 1516610078083, 'anonymousUser', 1516610078083),
	('81d334ee-56aa-4671-a0f6-0c56da36d772', 'aad1b092-1bf5-4068-9906-18efb1feb8fe', 'C15139', 'Wells_2', 'anonymousUser', 1516610078427, 'anonymousUser', 1516610078427),
	('8254a999-fbd0-481c-8d9f-6b37cf9f84fb', '2634ab5e-c39f-4138-b599-382859fd2659', 'C15439', 'US_Bank', 'avbindu', 1516175318244, 'avbindu', 1516175318244),
	('827c9ee0-aec5-48ba-8791-c447ed948b4e', 'aad1b092-1bf5-4068-9906-18efb1feb8fe', 'C8921', 'NationStar_2', 'anonymousUser', 1516610078159, 'anonymousUser', 1516610078159),
	('82b9a29e-7968-4584-800e-fc6ca75e6bea', 'aad1b092-1bf5-4068-9906-18efb1feb8fe', 'C15379', 'Wells_9', 'anonymousUser', 1516610078562, 'anonymousUser', 1516610078562),
	('83024dd3-1ac3-4e89-b60d-993aeb2b08b3', 'aad1b092-1bf5-4068-9906-18efb1feb8fe', 'C16270', 'Washington_Mutual', 'anonymousUser', 1516610078355, 'anonymousUser', 1516610078355),
	('83e80f80-df3a-4e7b-82a0-d29857bb4ece', 'aad1b092-1bf5-4068-9906-18efb1feb8fe', 'C7913', 'E_Trade', 'anonymousUser', 1516610078053, 'anonymousUser', 1516610078053),
	('843447e5-44e4-48fc-afb4-47a429d2954d', 'aad1b092-1bf5-4068-9906-18efb1feb8fe', 'C6888', 'NationStar_2', 'anonymousUser', 1516610078143, 'anonymousUser', 1516610078143),
	('84583da8-1756-4c2b-830f-40a29d0742a3', 'aad1b092-1bf5-4068-9906-18efb1feb8fe', 'C15318', 'Wells_2', 'anonymousUser', 1516610078451, 'anonymousUser', 1516610078451),
	('84ae2594-f951-45f0-bf94-735420143026', 'aad1b092-1bf5-4068-9906-18efb1feb8fe', 'C15273', 'Aurora', 'anonymousUser', 1516610077962, 'anonymousUser', 1516610077962),
	('84d9caa6-9f6c-4f17-9f3c-fbc5959ea730', 'aad1b092-1bf5-4068-9906-18efb1feb8fe', 'C6676', 'RMS', 'anonymousUser', 1516610078340, 'anonymousUser', 1516610078340),
	('85052b96-bf6b-44f3-9747-8beb1d8e6a9f', 'aad1b092-1bf5-4068-9906-18efb1feb8fe', 'C16272', 'Washington_Mutual', 'anonymousUser', 1516610078357, 'anonymousUser', 1516610078357),
	('854a707f-3679-48b8-8a3e-b387585d31d7', 'aad1b092-1bf5-4068-9906-18efb1feb8fe', 'C15271', 'Aurora', 'anonymousUser', 1516610077959, 'anonymousUser', 1516610077959),
	('855d9607-5861-46b9-82fe-d75065c68317', 'aad1b092-1bf5-4068-9906-18efb1feb8fe', 'C15603', 'NationStar_2', 'anonymousUser', 1516610078196, 'anonymousUser', 1516610078196),
	('85c1369d-2bb2-4ed0-91aa-e1f215ffbe92', 'aad1b092-1bf5-4068-9906-18efb1feb8fe', 'C15300', 'Wells_2', 'anonymousUser', 1516610078491, 'anonymousUser', 1516610078491),
	('871d07e8-b399-4274-a191-86d431e9d905', 'aad1b092-1bf5-4068-9906-18efb1feb8fe', 'C7962', 'Bank_of_America', 'anonymousUser', 1516610077982, 'anonymousUser', 1516610077982),
	('87305f29-cb8f-4748-8527-26caac8866e2', 'aad1b092-1bf5-4068-9906-18efb1feb8fe', 'C9098', 'BAC_Mtg_Cap', 'anonymousUser', 1516610077968, 'anonymousUser', 1516610077968),
	('87b1fd3d-3bb1-405b-997c-e42447b1bb9c', 'aad1b092-1bf5-4068-9906-18efb1feb8fe', 'C15132', 'Wells_2', 'anonymousUser', 1516610078421, 'anonymousUser', 1516610078421),
	('88291b47-9e9f-48f4-b35a-66006609c75a', 'aad1b092-1bf5-4068-9906-18efb1feb8fe', 'C16201', 'US_Bank_2', 'anonymousUser', 1516610078352, 'anonymousUser', 1516610078352),
	('888bb56b-94d6-48bd-a791-cef1126bb4a2', 'aad1b092-1bf5-4068-9906-18efb1feb8fe', 'C8904', 'NationStar_2', 'anonymousUser', 1516610078207, 'anonymousUser', 1516610078207),
	('88c1d826-4f2b-487e-b7c1-161837b56120', 'aad1b092-1bf5-4068-9906-18efb1feb8fe', 'C9192', 'Wells_9', 'anonymousUser', 1516610078547, 'anonymousUser', 1516610078547),
	('88c4986b-24e9-42c4-a254-47c5d23beedc', 'aad1b092-1bf5-4068-9906-18efb1feb8fe', 'C16222', 'Southern_Trust', 'anonymousUser', 1516610078343, 'anonymousUser', 1516610078343),
	('895d8c03-4365-4a77-8e7c-606c4e08db36', 'aad1b092-1bf5-4068-9906-18efb1feb8fe', 'C14092', 'NationStar_2', 'anonymousUser', 1516610078165, 'anonymousUser', 1516610078165),
	('897d7d6f-5c94-44b6-9070-8fdf232f77bf', 'aad1b092-1bf5-4068-9906-18efb1feb8fe', 'C15530', 'Wells_2', 'anonymousUser', 1516610078507, 'anonymousUser', 1516610078507),
	('8995c1b9-4b35-4704-b482-209c77818eba', 'aad1b092-1bf5-4068-9906-18efb1feb8fe', 'C15315', 'Wells_2', 'anonymousUser', 1516610078449, 'anonymousUser', 1516610078449),
	('89f49c12-d5bf-470b-bdca-a049f2a24214', 'aad1b092-1bf5-4068-9906-18efb1feb8fe', 'C8328', 'NationStar', 'anonymousUser', 1516610078138, 'anonymousUser', 1516610078138),
	('89fddedd-36fc-488d-8c09-560ced12aa1d', 'aad1b092-1bf5-4068-9906-18efb1feb8fe', 'C6663', 'Ocwen_Wholly_Owned', 'anonymousUser', 1516610078296, 'anonymousUser', 1516610078296),
	('8ac927eb-a87f-4126-95f1-4bb2fea39c94', 'aad1b092-1bf5-4068-9906-18efb1feb8fe', 'C15401', 'Aurora', 'anonymousUser', 1516610077955, 'anonymousUser', 1516610077955),
	('8af5e491-1a62-44ef-9344-4fb060de5387', 'aad1b092-1bf5-4068-9906-18efb1feb8fe', 'C16279', 'USDA_Rural_Housing', 'anonymousUser', 1516610078353, 'anonymousUser', 1516610078353),
	('8b659bb2-76ca-4f5d-b3a5-180ab5bcdc7e', 'aad1b092-1bf5-4068-9906-18efb1feb8fe', 'C8411', 'Wells_2', 'anonymousUser', 1516610078385, 'anonymousUser', 1516610078385),
	('8bb03421-ac8c-4e9f-8cec-729b099b02b6', 'aad1b092-1bf5-4068-9906-18efb1feb8fe', 'C15140', 'Wells_2', 'anonymousUser', 1516610078428, 'anonymousUser', 1516610078428),
	('8bded5d1-7983-418a-bf4e-d08c22ace816', 'aad1b092-1bf5-4068-9906-18efb1feb8fe', 'C15040', 'RESI', 'anonymousUser', 1516610078326, 'anonymousUser', 1516610078326),
	('8bec84ef-9d1e-4ec1-85b7-9a0a1bda76da', 'aad1b092-1bf5-4068-9906-18efb1feb8fe', 'C7867', 'E_Trade', 'anonymousUser', 1516610078052, 'anonymousUser', 1516610078052),
	('8c9de995-b5a5-4623-87dd-9ad012354bd7', 'aad1b092-1bf5-4068-9906-18efb1feb8fe', 'C15387', 'Aurora', 'anonymousUser', 1516610077956, 'anonymousUser', 1516610077956),
	('8cf6c8f2-c017-47bf-ad85-9bb9dae7a7b6', 'aad1b092-1bf5-4068-9906-18efb1feb8fe', 'C15536', 'Wells_2', 'anonymousUser', 1516610078512, 'anonymousUser', 1516610078512),
	('8d51ddb6-23cb-4688-a824-ba90861cc443', 'aad1b092-1bf5-4068-9906-18efb1feb8fe', 'C15371', 'Wells_9', 'anonymousUser', 1516610078558, 'anonymousUser', 1516610078558),
	('8d7b5c16-7235-420a-9974-e72f18445d87', 'aad1b092-1bf5-4068-9906-18efb1feb8fe', 'C15391', 'Aurora', 'anonymousUser', 1516610077939, 'anonymousUser', 1516610077939),
	('8e0265f2-ec41-467d-8ef2-12b9e33cb1e1', 'aad1b092-1bf5-4068-9906-18efb1feb8fe', 'C15335', 'Wells_2', 'anonymousUser', 1516610078463, 'anonymousUser', 1516610078463),
	('8e6ef9dc-7477-47e8-82a9-5538e33ff35c', 'aad1b092-1bf5-4068-9906-18efb1feb8fe', 'F0001', 'RESI_Fay', 'anonymousUser', 1516610078337, 'anonymousUser', 1516610078337),
	('8f36886a-b582-42c3-a3f7-97d441aabe57', 'aad1b092-1bf5-4068-9906-18efb1feb8fe', 'C8100', 'NationStar_2', 'anonymousUser', 1516610078151, 'anonymousUser', 1516610078151),
	('8f417202-61a9-4056-ae8c-667245462222', 'aad1b092-1bf5-4068-9906-18efb1feb8fe', 'C15144', 'Wells_2', 'anonymousUser', 1516610078432, 'anonymousUser', 1516610078432),
	('8f57048a-6e9c-474d-94cc-dfbc22d99870', 'aad1b092-1bf5-4068-9906-18efb1feb8fe', 'C9096', 'E_Trade', 'anonymousUser', 1516610078055, 'anonymousUser', 1516610078055),
	('8f7e7568-6507-4854-87c5-1fe02afcd8d0', 'aad1b092-1bf5-4068-9906-18efb1feb8fe', 'C6563', 'Ocwen_Wholly_Owned', 'anonymousUser', 1516610078284, 'anonymousUser', 1516610078284),
	('90709a84-f43e-41b0-8b4f-b4eda75b2263', 'aad1b092-1bf5-4068-9906-18efb1feb8fe', 'C14097', 'Aurora', 'anonymousUser', 1516610077901, 'anonymousUser', 1516610077901),
	('90aae1a1-6bf2-4326-acea-823d444d6a75', 'aad1b092-1bf5-4068-9906-18efb1feb8fe', 'C15152', 'Wells_2', 'anonymousUser', 1516610078436, 'anonymousUser', 1516610078436),
	('912952c9-3508-4fe1-b062-4e0c23de4144', 'aad1b092-1bf5-4068-9906-18efb1feb8fe', 'C15348', 'Wells_2', 'anonymousUser', 1516610078441, 'anonymousUser', 1516610078441),
	('91a5f94b-4e23-41ed-8899-01d90ab57b59', 'aad1b092-1bf5-4068-9906-18efb1feb8fe', 'C8645', 'Wells_10', 'anonymousUser', 1516610078570, 'anonymousUser', 1516610078570),
	('92df7a64-8da7-4d55-ac25-856720617789', 'aad1b092-1bf5-4068-9906-18efb1feb8fe', 'C15072', 'Wells_7', 'anonymousUser', 1516610078532, 'anonymousUser', 1516610078532),
	('92ede9f5-3968-4664-8804-28c7d885c3f5', 'aad1b092-1bf5-4068-9906-18efb1feb8fe', 'C8914', 'NationStar_2', 'anonymousUser', 1516610078215, 'anonymousUser', 1516610078215),
	('931f3a79-aa25-4a3d-a1a1-894d52979445', 'aad1b092-1bf5-4068-9906-18efb1feb8fe', 'C6896', 'NationStar_2', 'anonymousUser', 1516610078202, 'anonymousUser', 1516610078202),
	('937d7923-aa55-4488-9d5e-850ad99ae8c2', 'aad1b092-1bf5-4068-9906-18efb1feb8fe', 'C15397', 'Aurora', 'anonymousUser', 1516610077950, 'anonymousUser', 1516610077950),
	('9397fc6a-742a-434f-8e21-249352d7dda8', 'aad1b092-1bf5-4068-9906-18efb1feb8fe', 'C15274', 'NationStar_5', 'anonymousUser', 1516610078276, 'anonymousUser', 1516610078276),
	('93b18260-66b5-40ac-bd37-6e1c7a3c44a8', 'aad1b092-1bf5-4068-9906-18efb1feb8fe', 'C14104', 'NationStar_2', 'anonymousUser', 1516610078171, 'anonymousUser', 1516610078171),
	('93cd62c6-fdd3-4be6-81cc-bc71b05bd5f7', 'aad1b092-1bf5-4068-9906-18efb1feb8fe', 'C15279', 'NationStar_2', 'anonymousUser', 1516610078186, 'anonymousUser', 1516610078186),
	('945ed56a-5d77-44f4-a059-f42701330e97', 'aad1b092-1bf5-4068-9906-18efb1feb8fe', 'C6903', 'NationStar', 'anonymousUser', 1516610078132, 'anonymousUser', 1516610078132),
	('94d4522b-0783-4a69-bb25-5ade5fda8540', 'aad1b092-1bf5-4068-9906-18efb1feb8fe', 'C15534', 'Wells_2', 'anonymousUser', 1516610078510, 'anonymousUser', 1516610078510),
	('95187798-b3a7-4c53-a10e-cfd6ca734d00', 'aad1b092-1bf5-4068-9906-18efb1feb8fe', 'C15398', 'Aurora', 'anonymousUser', 1516610077951, 'anonymousUser', 1516610077951),
	('95f277d9-e907-4c1d-ab0a-bf760efa7533', 'aad1b092-1bf5-4068-9906-18efb1feb8fe', 'C8905', 'NationStar_2', 'anonymousUser', 1516610078208, 'anonymousUser', 1516610078208),
	('9612a752-ef1f-41a4-a2f2-719a63dee661', 'aad1b092-1bf5-4068-9906-18efb1feb8fe', 'C15361', 'Wells_9', 'anonymousUser', 1516610078554, 'anonymousUser', 1516610078554),
	('962e16ef-598d-4cb7-a80f-02fad443c1cf', 'aad1b092-1bf5-4068-9906-18efb1feb8fe', 'C15353', 'Wells_2', 'anonymousUser', 1516610078445, 'anonymousUser', 1516610078445),
	('96558c29-112f-4085-a6e5-de5c11ed5cf1', 'aad1b092-1bf5-4068-9906-18efb1feb8fe', 'C8332', 'NationStar_2', 'anonymousUser', 1516610078155, 'anonymousUser', 1516610078155),
	('9657488d-1452-4635-8491-34320be440f3', 'aad1b092-1bf5-4068-9906-18efb1feb8fe', 'C6916', 'Lehman', 'anonymousUser', 1516610078097, 'anonymousUser', 1516610078097),
	('96a39e79-5d83-4409-8161-a0a810448485', 'aad1b092-1bf5-4068-9906-18efb1feb8fe', 'C8015', 'RMS', 'anonymousUser', 1516610078337, 'anonymousUser', 1516610078337),
	('97a52e41-bbd5-4f61-9b54-a1eaf6eb18cc', 'aad1b092-1bf5-4068-9906-18efb1feb8fe', 'C15310', 'Wells_2', 'anonymousUser', 1516610078500, 'anonymousUser', 1516610078500),
	('97d1d584-34e1-4b45-b017-dc9d24ae0e4f', 'aad1b092-1bf5-4068-9906-18efb1feb8fe', 'C6665', 'Ocwen_Wholly_Owned', 'anonymousUser', 1516610078297, 'anonymousUser', 1516610078297),
	('97f24bb1-657d-4803-be70-e5257f9134a8', 'aad1b092-1bf5-4068-9906-18efb1feb8fe', 'C6464', 'Credit_Suisse', 'anonymousUser', 1516610078041, 'anonymousUser', 1516610078041),
	('98e9936b-eb4a-4542-8ae9-789ff380130f', 'aad1b092-1bf5-4068-9906-18efb1feb8fe', 'C9213', 'Wells_9', 'anonymousUser', 1516610078547, 'anonymousUser', 1516610078547),
	('98f3c909-6e5a-4fe4-9db0-20a95262b611', '49cb3bf1-eb86-4e5b-b50c-b1ba25c6a1ce', 'C16237', 'Standard_Pacific', 'avbindu', 1516175358750, 'avbindu', 1516175358750),
	('99589547-35ce-479b-abd0-5e1a137bbb08', 'aad1b092-1bf5-4068-9906-18efb1feb8fe', 'C14115', 'Aurora', 'anonymousUser', 1516610077924, 'anonymousUser', 1516610077924),
	('998e4962-248f-431c-9195-0a7508592752', 'aad1b092-1bf5-4068-9906-18efb1feb8fe', 'C6893', 'NationStar_2', 'anonymousUser', 1516610078145, 'anonymousUser', 1516610078145),
	('99922e02-f25f-4a9e-9018-2066e7308767', 'aad1b092-1bf5-4068-9906-18efb1feb8fe', 'C8169', 'Wells_2', 'anonymousUser', 1516610078380, 'anonymousUser', 1516610078380),
	('99e2af13-df17-4873-9f6f-0c65d4c09928', 'aad1b092-1bf5-4068-9906-18efb1feb8fe', 'C6324', 'Lehman', 'anonymousUser', 1516610078096, 'anonymousUser', 1516610078096),
	('9ab1b5d9-58f1-45ba-b528-bc1aefa5b107', 'aad1b092-1bf5-4068-9906-18efb1feb8fe', 'C8408', 'Wells_2', 'anonymousUser', 1516610078382, 'anonymousUser', 1516610078382),
	('9b43bf28-8b11-4b18-9b21-047ec4ef2e63', 'aad1b092-1bf5-4068-9906-18efb1feb8fe', 'C15346', 'Wells_2', 'anonymousUser', 1516610078475, 'anonymousUser', 1516610078475),
	('9b44a962-a8e4-42e9-8ac2-06fa1a84d719', 'aad1b092-1bf5-4068-9906-18efb1feb8fe', 'C9092', 'Wells_4', 'anonymousUser', 1516610078525, 'anonymousUser', 1516610078525),
	('9bf87329-7a05-41a3-bf1d-7c7e280a3645', '2634ab5e-c39f-4138-b599-382859fd2659', 'C16236', 'Standard_Pacific', 'avbindu', 1516175318237, 'avbindu', 1516175318237),
	('9c0d45d6-f241-4cd3-b068-18180bf83547', 'aad1b092-1bf5-4068-9906-18efb1feb8fe', 'C15527', 'Wells_2', 'anonymousUser', 1516610078505, 'anonymousUser', 1516610078505),
	('9c84d8f1-d1e0-427d-87da-8fb7217b19dc', 'aad1b092-1bf5-4068-9906-18efb1feb8fe', 'C15339', 'Wells_2', 'anonymousUser', 1516610078466, 'anonymousUser', 1516610078466),
	('9c97046f-963a-408b-9a87-b38433cf58f5', 'aad1b092-1bf5-4068-9906-18efb1feb8fe', 'C15627', 'NationStar_2', 'anonymousUser', 1516610078254, 'anonymousUser', 1516610078254),
	('9cd3c625-3728-43c5-9f80-12050c1d0995', 'aad1b092-1bf5-4068-9906-18efb1feb8fe', 'C8334', 'NationStar', 'anonymousUser', 1516610078134, 'anonymousUser', 1516610078134),
	('9d13b6dc-c42c-4e10-9eef-b6d76d7c78c3', 'aad1b092-1bf5-4068-9906-18efb1feb8fe', 'C14224', 'Wells_2', 'anonymousUser', 1516610078406, 'anonymousUser', 1516610078406),
	('9d5db5dc-f607-4ff5-8011-4ceebdc964fe', 'aad1b092-1bf5-4068-9906-18efb1feb8fe', 'C14113', 'Aurora', 'anonymousUser', 1516610077922, 'anonymousUser', 1516610077922),
	('9dec25a6-b259-4659-9397-a7211c815dc4', 'aad1b092-1bf5-4068-9906-18efb1feb8fe', 'C15525', 'Wells_2', 'anonymousUser', 1516610078504, 'anonymousUser', 1516610078504),
	('9e662eb8-bda0-44c0-9161-75ed5dc1d319', 'aad1b092-1bf5-4068-9906-18efb1feb8fe', 'C8893', 'Deutsche_2', 'anonymousUser', 1516610078051, 'anonymousUser', 1516610078051),
	('9efd392b-d75f-4d9c-a994-ebe7d5596e9a', 'aad1b092-1bf5-4068-9906-18efb1feb8fe', 'C6172', 'NationStar_2', 'anonymousUser', 1516610078199, 'anonymousUser', 1516610078199),
	('9f09cc58-748b-42aa-b51e-899ad650f23a', 'aad1b092-1bf5-4068-9906-18efb1feb8fe', 'C15288', 'Wells_2', 'anonymousUser', 1516610078483, 'anonymousUser', 1516610078483),
	('9f123289-390f-4887-8f33-e865a6d19c57', 'aad1b092-1bf5-4068-9906-18efb1feb8fe', 'C9211', 'Macquarie', 'anonymousUser', 1516610078103, 'anonymousUser', 1516610078103),
	('9fd027c0-b3ab-40f1-841d-25bf1d626dca', 'aad1b092-1bf5-4068-9906-18efb1feb8fe', 'C14229', 'Wells_10', 'anonymousUser', 1516610078573, 'anonymousUser', 1516610078573),
	('9fd4f9a3-9946-421d-88fc-02502fa077a5', 'aad1b092-1bf5-4068-9906-18efb1feb8fe', 'C8773', 'Wells_10', 'anonymousUser', 1516610078566, 'anonymousUser', 1516610078566),
	('a05adba8-b3b9-4de3-9971-4532fde195bf', 'aad1b092-1bf5-4068-9906-18efb1feb8fe', 'C15626', 'NationStar_2', 'anonymousUser', 1516610078254, 'anonymousUser', 1516610078254),
	('a066e0d1-aa97-41f9-b15d-60125bd3810e', 'aad1b092-1bf5-4068-9906-18efb1feb8fe', 'C15308', 'Wells_2', 'anonymousUser', 1516610078499, 'anonymousUser', 1516610078499),
	('a0882bf0-03d2-468f-83ba-62fcd9220835', 'aad1b092-1bf5-4068-9906-18efb1feb8fe', 'C8412', 'Wells_2', 'anonymousUser', 1516610078386, 'anonymousUser', 1516610078386),
	('a1382496-b799-4b22-94b1-026a2bd2c2db', 'aad1b092-1bf5-4068-9906-18efb1feb8fe', 'C15286', 'Wells_2', 'anonymousUser', 1516610078482, 'anonymousUser', 1516610078482),
	('a1a2b434-588c-4853-b849-5bd2e4a9e85c', 'aad1b092-1bf5-4068-9906-18efb1feb8fe', 'C8675', 'Redwood_Trust_2', 'anonymousUser', 1516610078310, 'anonymousUser', 1516610078310),
	('a1adb077-21ee-4b7e-8bda-844da1434757', 'aad1b092-1bf5-4068-9906-18efb1feb8fe', 'C9222', 'Wells_10', 'anonymousUser', 1516610078568, 'anonymousUser', 1516610078568),
	('a1e22a38-8222-477c-9d3c-f36580585141', 'aad1b092-1bf5-4068-9906-18efb1feb8fe', 'C14239', 'NationStar_2', 'anonymousUser', 1516610078233, 'anonymousUser', 1516610078233),
	('a238a4af-edcf-4430-8714-d4c1fbad0cb3', 'aad1b092-1bf5-4068-9906-18efb1feb8fe', 'C15368', 'Wells_9', 'anonymousUser', 1516610078557, 'anonymousUser', 1516610078557),
	('a2b28609-2fbf-4e32-8de1-1c022f753193', 'aad1b092-1bf5-4068-9906-18efb1feb8fe', 'C8333', 'NationStar_2', 'anonymousUser', 1516610078156, 'anonymousUser', 1516610078156),
	('a2f0bf0c-de3e-4797-8b43-7f9c0f8a1149', 'aad1b092-1bf5-4068-9906-18efb1feb8fe', 'C15537', 'Wells_2', 'anonymousUser', 1516610078513, 'anonymousUser', 1516610078513),
	('a4603a09-ef59-489d-80d2-551d0705e207', 'aad1b092-1bf5-4068-9906-18efb1feb8fe', 'C6668', 'Ocwen_Wholly_Owned', 'anonymousUser', 1516610078300, 'anonymousUser', 1516610078300),
	('a49b8a47-1790-412d-b311-79d6bb9870c6', 'aad1b092-1bf5-4068-9906-18efb1feb8fe', 'B0001', 'RESI_BSI', 'anonymousUser', 1516610078336, 'anonymousUser', 1516610078336),
	('a512d7ed-c37f-4d17-a452-178429d0aca8', 'aad1b092-1bf5-4068-9906-18efb1feb8fe', 'C8417', 'HSBC', 'anonymousUser', 1516610078086, 'anonymousUser', 1516610078086),
	('a56e3bc8-f0e7-407e-818d-631a4fb6b239', 'aad1b092-1bf5-4068-9906-18efb1feb8fe', 'C8815', 'Lacera', 'anonymousUser', 1516610078090, 'anonymousUser', 1516610078090),
	('a5c1ae97-d594-41c3-b34b-2cfdaeb77120', 'aad1b092-1bf5-4068-9906-18efb1feb8fe', 'C15476', 'HFS_Morgan_Stanley', 'anonymousUser', 1516610078081, 'anonymousUser', 1516610078081),
	('a5d8c63c-8ad5-4beb-8f40-c35c18ebfcbb', 'aad1b092-1bf5-4068-9906-18efb1feb8fe', 'C15275', 'Wells_2', 'anonymousUser', 1516610078478, 'anonymousUser', 1516610078478),
	('a5ed4105-f967-4fde-b3d6-60b1505ffea7', 'aad1b092-1bf5-4068-9906-18efb1feb8fe', 'C8449', 'Redding', 'anonymousUser', 1516610078305, 'anonymousUser', 1516610078305),
	('a6845958-fb1a-4e14-8ce8-1e0c87bad7e2', 'aad1b092-1bf5-4068-9906-18efb1feb8fe', 'C15407', 'Wells_9', 'anonymousUser', 1516610078549, 'anonymousUser', 1516610078549),
	('a73a0a64-e6fd-47a3-8932-db0176d02fc5', '63c4ade4-9652-49c4-9cf6-3c7df72dc3ec', 'C16236', 'Standard_Pacific', 'avbindu', 1516175426052, 'avbindu', 1516175426052),
	('a73b9a9e-2baf-460f-a7c7-02c1da6ddc92', 'aad1b092-1bf5-4068-9906-18efb1feb8fe', 'C14109', 'Aurora', 'anonymousUser', 1516610077917, 'anonymousUser', 1516610077917),
	('a757e961-58e3-40fa-a2b6-d23758807dc2', 'aad1b092-1bf5-4068-9906-18efb1feb8fe', 'C14256', 'Aurora', 'anonymousUser', 1516610077935, 'anonymousUser', 1516610077935),
	('a7814b78-0844-4a9d-a6cc-c636c63afd33', 'aad1b092-1bf5-4068-9906-18efb1feb8fe', 'C6288', 'Lehman', 'anonymousUser', 1516610078095, 'anonymousUser', 1516610078095),
	('a7a870b9-6cc9-4d88-8eee-e686b8e8b607', 'aad1b092-1bf5-4068-9906-18efb1feb8fe', 'C8326', 'NationStar', 'anonymousUser', 1516610078136, 'anonymousUser', 1516610078136),
	('a7c4e167-6f34-4f18-b74b-7be592b07647', 'aad1b092-1bf5-4068-9906-18efb1feb8fe', 'C8917', 'NationStar_2', 'anonymousUser', 1516610078216, 'anonymousUser', 1516610078216),
	('a7e59bad-9314-48ef-9eb4-6b4f79d8ae17', 'aad1b092-1bf5-4068-9906-18efb1feb8fe', 'C8101', 'NationStar_4', 'anonymousUser', 1516610078258, 'anonymousUser', 1516610078258),
	('a904ed5b-2f9e-4242-9be1-312f9fb35a9e', 'aad1b092-1bf5-4068-9906-18efb1feb8fe', 'C15365', 'Wells_9', 'anonymousUser', 1516610078555, 'anonymousUser', 1516610078555),
	('ab05a5d5-ada7-4a4d-ba93-cf79d3e230e3', 'aad1b092-1bf5-4068-9906-18efb1feb8fe', 'C6622', 'RMS', 'anonymousUser', 1516610078340, 'anonymousUser', 1516610078340),
	('ab29694f-8bd4-414d-829d-0fb40dd770ee', 'aad1b092-1bf5-4068-9906-18efb1feb8fe', 'C14103', 'NationStar_2', 'anonymousUser', 1516610078168, 'anonymousUser', 1516610078168),
	('ab608390-c4c9-4e78-ad73-631741f5af78', 'aad1b092-1bf5-4068-9906-18efb1feb8fe', 'C15443', 'Deutsche', 'anonymousUser', 1516610078050, 'anonymousUser', 1516610078050),
	('abf5cba3-dc47-4dbd-a8f3-710fe9cc4355', 'aad1b092-1bf5-4068-9906-18efb1feb8fe', 'C15292', 'Wells_2', 'anonymousUser', 1516610078486, 'anonymousUser', 1516610078486),
	('ac48f534-ed9d-46e2-9e77-62a9974ed57a', 'aad1b092-1bf5-4068-9906-18efb1feb8fe', 'C15327', 'Wells_2', 'anonymousUser', 1516610078458, 'anonymousUser', 1516610078458),
	('ac4ebb6d-4f6b-4cd7-ae21-8bd24a604a6b', 'aad1b092-1bf5-4068-9906-18efb1feb8fe', 'C15218', 'FARMER_MAC', 'anonymousUser', 1516610078067, 'anonymousUser', 1516610078067),
	('ad2aee7f-4adf-46fc-aa07-2def1fdc9093', 'aad1b092-1bf5-4068-9906-18efb1feb8fe', 'C15090', 'Wells_11', 'anonymousUser', 1516610078579, 'anonymousUser', 1516610078579),
	('adc9b7cb-e0c7-41f5-96c9-965f5b4faf0a', '63c4ade4-9652-49c4-9cf6-3c7df72dc3ec', 'C9062', 'Treasury_Bank', 'avbindu', 1516175426056, 'avbindu', 1516175426056),
	('adf1be7a-26f2-4ae6-a43e-62e4786e81ba', 'aad1b092-1bf5-4068-9906-18efb1feb8fe', 'C15347', 'Wells_2', 'anonymousUser', 1516610078441, 'anonymousUser', 1516610078441),
	('ae783262-09cf-4e76-bc30-cd543b82cb47', 'aad1b092-1bf5-4068-9906-18efb1feb8fe', 'C9141', 'NationStar_2', 'anonymousUser', 1516610078221, 'anonymousUser', 1516610078221),
	('ae7b383a-18d2-4d53-ab82-e5aff5e18104', 'aad1b092-1bf5-4068-9906-18efb1feb8fe', 'C15362', 'Wells_9', 'anonymousUser', 1516610078554, 'anonymousUser', 1516610078554),
	('af020fba-040e-466a-b198-b0a7e26c0d19', 'aad1b092-1bf5-4068-9906-18efb1feb8fe', 'C14066', 'Wells_2', 'anonymousUser', 1516610078402, 'anonymousUser', 1516610078402),
	('af50fdd9-6980-4ca8-8c2a-2ae49bee6116', 'aad1b092-1bf5-4068-9906-18efb1feb8fe', 'C15282', 'M_T_Bank', 'anonymousUser', 1516610078098, 'anonymousUser', 1516610078098),
	('afa307d1-9f26-4c5a-968d-c11c8a31a260', 'aad1b092-1bf5-4068-9906-18efb1feb8fe', 'C14096', 'NationStar_2', 'anonymousUser', 1516610078166, 'anonymousUser', 1516610078166),
	('afb2ef62-5f68-4fe7-9244-a9ee6b66bacb', 'aad1b092-1bf5-4068-9906-18efb1feb8fe', 'C15551', 'Sonyma', 'anonymousUser', 1516610078342, 'anonymousUser', 1516610078342),
	('b03f8910-9c3f-446c-87ac-6ccb85f6e74e', 'aad1b092-1bf5-4068-9906-18efb1feb8fe', 'C15444', 'NationStar_2', 'anonymousUser', 1516610078189, 'anonymousUser', 1516610078189),
	('b046c897-bc1a-40f3-b64c-13024ef4ec34', 'aad1b092-1bf5-4068-9906-18efb1feb8fe', 'C15355', 'Wells_9', 'anonymousUser', 1516610078550, 'anonymousUser', 1516610078550),
	('b047f517-3f81-48ec-a6f8-b044d401b892', 'aad1b092-1bf5-4068-9906-18efb1feb8fe', 'C15070', 'Wells_7', 'anonymousUser', 1516610078531, 'anonymousUser', 1516610078531),
	('b09b53de-094d-4c9d-ae3e-4bf96cb5505c', 'aad1b092-1bf5-4068-9906-18efb1feb8fe', 'C14252', 'NationStar_2', 'anonymousUser', 1516610078180, 'anonymousUser', 1516610078180),
	('b0dd2053-f4f5-4903-a41d-990a7345b66d', 'aad1b092-1bf5-4068-9906-18efb1feb8fe', 'C15158', 'Wells_2', 'anonymousUser', 1516610078439, 'anonymousUser', 1516610078439),
	('b0fdf25e-ef61-4865-b3c9-2b55b37dc26b', 'aad1b092-1bf5-4068-9906-18efb1feb8fe', 'C8762', 'Wells_1', 'anonymousUser', 1516610078361, 'anonymousUser', 1516610078361),
	('b14424e8-2902-4ff6-9661-4ad0e852c983', 'aad1b092-1bf5-4068-9906-18efb1feb8fe', 'C7507', 'Chase', 'anonymousUser', 1516610078012, 'anonymousUser', 1516610078012),
	('b1d0aa1b-2b8d-49c5-bb09-ee7da958bbae', 'aad1b092-1bf5-4068-9906-18efb1feb8fe', 'C15360', 'Wells_9', 'anonymousUser', 1516610078553, 'anonymousUser', 1516610078553),
	('b2262b8b-de8e-45d4-81e4-b186e0a41dc8', 'aad1b092-1bf5-4068-9906-18efb1feb8fe', 'C15610', 'Nationstar_4', 'anonymousUser', 1516610078266, 'anonymousUser', 1516610078266),
	('b2953fcb-cf46-4d8c-b358-4eb341d5c1db', 'aad1b092-1bf5-4068-9906-18efb1feb8fe', 'C15074', 'Wells_7', 'anonymousUser', 1516610078532, 'anonymousUser', 1516610078532),
	('b2e0b2cf-cf3f-4dce-a575-5c008e468af3', 'aad1b092-1bf5-4068-9906-18efb1feb8fe', 'C15608', 'NationStar_2', 'anonymousUser', 1516610078198, 'anonymousUser', 1516610078198),
	('b2f73b23-8388-4727-9d39-fce71f5a65fc', 'aad1b092-1bf5-4068-9906-18efb1feb8fe', 'C8687', 'Redwood_Trust_2', 'anonymousUser', 1516610078313, 'anonymousUser', 1516610078313),
	('b329ad54-086b-4395-b301-7b899de75bd0', 'aad1b092-1bf5-4068-9906-18efb1feb8fe', 'C8906', 'NationStar_2', 'anonymousUser', 1516610078209, 'anonymousUser', 1516610078209),
	('b3bc4c2c-51e1-405b-b4b2-ef593a78b6d0', 'aad1b092-1bf5-4068-9906-18efb1feb8fe', 'C6635', 'Ocwen_Wholly_Owned', 'anonymousUser', 1516610078286, 'anonymousUser', 1516610078286),
	('b3eb5b57-2208-489d-bbf2-4624773bf64b', 'aad1b092-1bf5-4068-9906-18efb1feb8fe', 'C15326', 'Wells_2', 'anonymousUser', 1516610078458, 'anonymousUser', 1516610078458),
	('b4120e7d-1bf4-401e-ae04-dee7d9c7adfa', 'aad1b092-1bf5-4068-9906-18efb1feb8fe', 'C7972', 'Bank_of_America', 'anonymousUser', 1516610077989, 'anonymousUser', 1516610077989),
	('b569bc58-35e5-4acf-9bfb-020cd3193970', 'aad1b092-1bf5-4068-9906-18efb1feb8fe', 'C8324', 'NationStar_2', 'anonymousUser', 1516610078152, 'anonymousUser', 1516610078152),
	('b6220e05-7bd2-425a-b14a-30531fef5bc5', 'aad1b092-1bf5-4068-9906-18efb1feb8fe', 'C15147', 'Wells_13', 'anonymousUser', 1516610078581, 'anonymousUser', 1516610078581),
	('b62ab36a-ccf0-4d24-8518-ce7b1bcc72b2', 'aad1b092-1bf5-4068-9906-18efb1feb8fe', 'C16359', 'NationStar_2', 'anonymousUser', 1516610078256, 'anonymousUser', 1516610078256),
	('b639d30d-1388-4ae6-8037-7c8f3b7d5910', 'aad1b092-1bf5-4068-9906-18efb1feb8fe', 'C7868', 'Raymond_James', 'anonymousUser', 1516610078303, 'anonymousUser', 1516610078303),
	('b6770b51-8f5a-4b2b-820b-12551b940f1f', 'aad1b092-1bf5-4068-9906-18efb1feb8fe', 'C15432', 'E_Trade', 'anonymousUser', 1516610078066, 'anonymousUser', 1516610078066),
	('b67c300e-1b78-48ec-9def-7e78988c15b6', 'aad1b092-1bf5-4068-9906-18efb1feb8fe', 'C15130', 'Wells_2', 'anonymousUser', 1516610078421, 'anonymousUser', 1516610078421),
	('b6bc5d19-35f6-46aa-91de-9ec8008b46f3', 'aad1b092-1bf5-4068-9906-18efb1feb8fe', 'C8910', 'NationStar_2', 'anonymousUser', 1516610078213, 'anonymousUser', 1516610078213),
	('b7768c59-6766-4116-bc50-688499ce02cb', '26dbd9c8-9473-40af-9a0d-1a6afaf9d6a6', 'C15439', 'US_Bank', 'avbindu', 1516175308612, 'avbindu', 1516175308612),
	('b7c43c5d-a948-4591-980b-0c088ac61d01', 'aad1b092-1bf5-4068-9906-18efb1feb8fe', 'C15533', 'Wells_2', 'anonymousUser', 1516610078510, 'anonymousUser', 1516610078510),
	('b8846e53-5471-4602-9e62-ba7b7aedf6f8', 'aad1b092-1bf5-4068-9906-18efb1feb8fe', 'C15354', 'Wells_9', 'anonymousUser', 1516610078550, 'anonymousUser', 1516610078550),
	('b8ba9f50-74e5-4f3b-a6c5-a9e7c8c4c5e4', 'aad1b092-1bf5-4068-9906-18efb1feb8fe', 'C15439', 'US_Bank', 'anonymousUser', 1516610078349, 'anonymousUser', 1516610078349),
	('b8f0adfd-fea3-4fd6-9a19-8af38d33d3fa', 'aad1b092-1bf5-4068-9906-18efb1feb8fe', 'C15094', 'Wells_7', 'anonymousUser', 1516610078540, 'anonymousUser', 1516610078540),
	('b8f671df-2158-4b1c-bf3b-64aaac5941d4', '49cb3bf1-eb86-4e5b-b50c-b1ba25c6a1ce', 'C9062', 'Treasury_Bank', 'avbindu', 1516175358754, 'avbindu', 1516175358754),
	('b9ced06f-846c-4897-ab40-c746fe19ae84', 'aad1b092-1bf5-4068-9906-18efb1feb8fe', 'C15129', 'Wells_2', 'anonymousUser', 1516610078420, 'anonymousUser', 1516610078420),
	('ba194227-4840-4cc1-b94a-081150ed719f', 'aad1b092-1bf5-4068-9906-18efb1feb8fe', 'C15340', 'Wells_2', 'anonymousUser', 1516610078466, 'anonymousUser', 1516610078466),
	('ba300d54-e906-43c4-8b67-44f490358cec', 'aad1b092-1bf5-4068-9906-18efb1feb8fe', 'C15363', 'Wells_9', 'anonymousUser', 1516610078554, 'anonymousUser', 1516610078554),
	('bb5b8b84-1bb0-4843-a48e-1b1c7de0a026', 'aad1b092-1bf5-4068-9906-18efb1feb8fe', 'C15392', 'Aurora', 'anonymousUser', 1516610077941, 'anonymousUser', 1516610077941),
	('bc239b97-81a2-49ce-b3dd-cb3d86ffe7c7', 'aad1b092-1bf5-4068-9906-18efb1feb8fe', 'C15025', 'E_Trade', 'anonymousUser', 1516610078061, 'anonymousUser', 1516610078061),
	('bc8c62cc-7e29-4ae4-a8f3-4cff738e2bb2', 'aad1b092-1bf5-4068-9906-18efb1feb8fe', 'C15186', 'Wells_7', 'anonymousUser', 1516610078541, 'anonymousUser', 1516610078541),
	('bcacfd13-0675-4dc3-b9a9-fa181c6421e1', 'aad1b092-1bf5-4068-9906-18efb1feb8fe', 'C14080', 'Nationstar_4', 'anonymousUser', 1516610078258, 'anonymousUser', 1516610078258),
	('bd17d764-6f0a-49f9-8c14-54a90fe54416', 'aad1b092-1bf5-4068-9906-18efb1feb8fe', 'C15614', 'NationStar_2', 'anonymousUser', 1516610078243, 'anonymousUser', 1516610078243),
	('bd22e166-9b36-48f3-9e50-0254dcc2abc9', 'aad1b092-1bf5-4068-9906-18efb1feb8fe', 'C14072', 'Wells_2', 'anonymousUser', 1516610078404, 'anonymousUser', 1516610078404),
	('bd535bc6-ec14-4d3d-a4d2-fd16e446415f', 'aad1b092-1bf5-4068-9906-18efb1feb8fe', 'C15620', 'NationStar_2', 'anonymousUser', 1516610078250, 'anonymousUser', 1516610078250),
	('bd986592-cdd0-4794-a74b-1fcd0d50f886', 'aad1b092-1bf5-4068-9906-18efb1feb8fe', 'C15380', 'Wells_9', 'anonymousUser', 1516610078563, 'anonymousUser', 1516610078563),
	('be8e6583-ed88-450b-80a3-5033df24adca', 'aad1b092-1bf5-4068-9906-18efb1feb8fe', 'C14241', 'Wells_2', 'anonymousUser', 1516610078408, 'anonymousUser', 1516610078408),
	('beb0a67d-c50c-4776-90fc-af8484ea7fe8', 'aad1b092-1bf5-4068-9906-18efb1feb8fe', 'C8413', 'Wells_2', 'anonymousUser', 1516610078389, 'anonymousUser', 1516610078389),
	('bf282a88-824a-470e-b516-5e5d7eca3969', 'aad1b092-1bf5-4068-9906-18efb1feb8fe', 'C8902', 'Wells_4', 'anonymousUser', 1516610078524, 'anonymousUser', 1516610078524),
	('bf54b364-0d51-4620-be66-933b366591bf', 'aad1b092-1bf5-4068-9906-18efb1feb8fe', 'C15332', 'Wells_2', 'anonymousUser', 1516610078461, 'anonymousUser', 1516610078461),
	('bfbe1762-16c0-478e-b914-6f1a162697c2', 'aad1b092-1bf5-4068-9906-18efb1feb8fe', 'C15555', 'Wells_8', 'anonymousUser', 1516610078546, 'anonymousUser', 1516610078546),
	('c00ba932-7ecb-4b52-8907-7f4208a2acd0', 'aad1b092-1bf5-4068-9906-18efb1feb8fe', 'C8159', 'Wells_2', 'anonymousUser', 1516610078375, 'anonymousUser', 1516610078375),
	('c040badc-e92a-4e94-b61e-416e5df2451f', 'aad1b092-1bf5-4068-9906-18efb1feb8fe', 'C15319', 'Wells_2', 'anonymousUser', 1516610078452, 'anonymousUser', 1516610078452),
	('c098e118-9870-41bb-8a18-7f2fe6f73235', 'aad1b092-1bf5-4068-9906-18efb1feb8fe', 'C14254', 'NationStar_2', 'anonymousUser', 1516610078181, 'anonymousUser', 1516610078181),
	('c0d7c47d-6f90-4ad2-abe4-e5a4c8d1988d', 'aad1b092-1bf5-4068-9906-18efb1feb8fe', 'C15528', 'Wells_2', 'anonymousUser', 1516610078506, 'anonymousUser', 1516610078506),
	('c1b57b3d-eb8b-42a9-bf8a-abbe87c95577', 'aad1b092-1bf5-4068-9906-18efb1feb8fe', 'C8168', 'Wells_2', 'anonymousUser', 1516610078379, 'anonymousUser', 1516610078379),
	('c301c725-53c1-42e2-9b7b-880f02e411fb', 'aad1b092-1bf5-4068-9906-18efb1feb8fe', 'C15538', 'Wells_2', 'anonymousUser', 1516610078514, 'anonymousUser', 1516610078514),
	('c3282072-1d75-4ead-ac95-542cbcaa0cc7', 'aad1b092-1bf5-4068-9906-18efb1feb8fe', 'C8415', 'Wells_2', 'anonymousUser', 1516610078373, 'anonymousUser', 1516610078373),
	('c47b8583-92b1-4ca1-8088-43b0a221c225', 'aad1b092-1bf5-4068-9906-18efb1feb8fe', 'C8530', 'Wells_4', 'anonymousUser', 1516610078521, 'anonymousUser', 1516610078521),
	('c4c4138f-8c59-449f-b4c2-9459408472b8', 'aad1b092-1bf5-4068-9906-18efb1feb8fe', 'C8933', 'Wells_15', 'anonymousUser', 1516610078582, 'anonymousUser', 1516610078582),
	('c53253db-ea22-4fc3-be1d-e8723a75b523', 'aad1b092-1bf5-4068-9906-18efb1feb8fe', 'C8908', 'NationStar_2', 'anonymousUser', 1516610078211, 'anonymousUser', 1516610078211),
	('c59dff86-2378-416a-9315-80585f95217d', 'aad1b092-1bf5-4068-9906-18efb1feb8fe', 'C8780', 'Wells_4', 'anonymousUser', 1516610078520, 'anonymousUser', 1516610078520),
	('c5f2dd14-445b-43db-b6cb-19c3e7d85e48', 'aad1b092-1bf5-4068-9906-18efb1feb8fe', 'C7517', 'Chase', 'anonymousUser', 1516610078025, 'anonymousUser', 1516610078025),
	('c63d17bb-30e9-4af9-af1d-012e80fb89ae', '2634ab5e-c39f-4138-b599-382859fd2659', 'C16343', 'Tidewater_Mortgage', 'avbindu', 1516175318241, 'avbindu', 1516175318241),
	('c64ba73a-ba98-4ff5-8e3a-bc461b59e617', 'aad1b092-1bf5-4068-9906-18efb1feb8fe', 'C15535', 'Wells_2', 'anonymousUser', 1516610078511, 'anonymousUser', 1516610078511),
	('c678f7b2-e0fb-4def-8a8e-a7c13fd3275a', 'aad1b092-1bf5-4068-9906-18efb1feb8fe', 'C15358', 'Wells_9', 'anonymousUser', 1516610078552, 'anonymousUser', 1516610078552),
	('c6db42ed-0d3f-4f63-a5b5-df21c5ae0c09', 'aad1b092-1bf5-4068-9906-18efb1feb8fe', 'C15628', 'Nationstar_4', 'anonymousUser', 1516610078271, 'anonymousUser', 1516610078271),
	('c8004a2b-b6d0-4104-91d6-4546937528a3', 'aad1b092-1bf5-4068-9906-18efb1feb8fe', 'C8016', 'RMS', 'anonymousUser', 1516610078338, 'anonymousUser', 1516610078338),
	('c88b3396-62cd-4d34-be0f-52def1eb6f32', 'aad1b092-1bf5-4068-9906-18efb1feb8fe', 'C9198', 'Bayview', 'anonymousUser', 1516610077996, 'anonymousUser', 1516610077996),
	('c932b45d-8e18-4e9e-b5ec-1226dc4b6334', 'aad1b092-1bf5-4068-9906-18efb1feb8fe', 'C16185', 'NY_Life', 'anonymousUser', 1516610078282, 'anonymousUser', 1516610078282),
	('ca0b032a-ea89-4480-9206-3fc8297f7457', 'aad1b092-1bf5-4068-9906-18efb1feb8fe', 'C15408', 'Wells_9', 'anonymousUser', 1516610078549, 'anonymousUser', 1516610078549),
	('ca362907-7123-4533-af60-fdb7f34978ed', 'aad1b092-1bf5-4068-9906-18efb1feb8fe', 'C6884', 'NationStar_2', 'anonymousUser', 1516610078141, 'anonymousUser', 1516610078141),
	('ca4c519e-9a26-4816-8ee2-3c50fc94c9d6', 'aad1b092-1bf5-4068-9906-18efb1feb8fe', 'C15625', 'Nationstar_4', 'anonymousUser', 1516610078270, 'anonymousUser', 1516610078270),
	('ca9aa29b-6328-40f2-a67f-31582de26221', 'aad1b092-1bf5-4068-9906-18efb1feb8fe', 'C15290', 'Wells_2', 'anonymousUser', 1516610078485, 'anonymousUser', 1516610078485),
	('cac89433-51e1-47a8-b3c2-68d6ec3d3ff3', 'aad1b092-1bf5-4068-9906-18efb1feb8fe', 'C15026', 'E_Trade', 'anonymousUser', 1516610078063, 'anonymousUser', 1516610078063),
	('cad7c845-0d77-4c94-ab2a-e5a6a59167d4', 'aad1b092-1bf5-4068-9906-18efb1feb8fe', 'C8715', 'Wells_4', 'anonymousUser', 1516610078522, 'anonymousUser', 1516610078522),
	('caf495a5-dc4d-4fca-8393-3b08b75b664a', 'aad1b092-1bf5-4068-9906-18efb1feb8fe', 'C16221', '_21ST_Mortgage', 'anonymousUser', 1516610077873, 'anonymousUser', 1516610077873),
	('cb0a620f-3733-4722-9053-9c72e74d04b2', 'aad1b092-1bf5-4068-9906-18efb1feb8fe', 'C14084', 'NationStar_2', 'anonymousUser', 1516610078228, 'anonymousUser', 1516610078228),
	('cb2f666a-ae07-4ab8-8e0a-ec7c1402eb1b', 'aad1b092-1bf5-4068-9906-18efb1feb8fe', 'C14251', 'Aurora', 'anonymousUser', 1516610077929, 'anonymousUser', 1516610077929),
	('cb312142-5963-4c79-b94c-56b35934c08d', 'aad1b092-1bf5-4068-9906-18efb1feb8fe', 'C15624', 'NationStar_2', 'anonymousUser', 1516610078253, 'anonymousUser', 1516610078253),
	('cb5b55c1-24b9-411f-99d9-b9d4e0621884', 'aad1b092-1bf5-4068-9906-18efb1feb8fe', 'C15598', 'NationStar_2', 'anonymousUser', 1516610078190, 'anonymousUser', 1516610078190),
	('cb90c02a-50f8-49c6-8da0-b630a88c9f5a', 'aad1b092-1bf5-4068-9906-18efb1feb8fe', 'C16232', 'ResCap', 'anonymousUser', 1516610078318, 'anonymousUser', 1516610078318),
	('cc41f82b-5ffe-4be4-9bf8-33f478f603d7', 'aad1b092-1bf5-4068-9906-18efb1feb8fe', 'C15342', 'Wells_2', 'anonymousUser', 1516610078470, 'anonymousUser', 1516610078470),
	('cc4c92da-da2c-461d-9572-d5990800391a', 'aad1b092-1bf5-4068-9906-18efb1feb8fe', 'C6905', 'NationStar', 'anonymousUser', 1516610078133, 'anonymousUser', 1516610078133),
	('cd6ae4d4-dd9b-4169-ae92-99e89df9e1f5', 'aad1b092-1bf5-4068-9906-18efb1feb8fe', 'C6895', 'NationStar_2', 'anonymousUser', 1516610078146, 'anonymousUser', 1516610078146),
	('cdf60dbf-1f01-46e1-b77f-8a0c9ae60aff', 'aad1b092-1bf5-4068-9906-18efb1feb8fe', 'C15323', 'Wells_2', 'anonymousUser', 1516610078455, 'anonymousUser', 1516610078455),
	('ce8325b8-04bd-4788-ba21-a76f8c5ddd17', 'aad1b092-1bf5-4068-9906-18efb1feb8fe', 'C7967', 'Bank_of_America', 'anonymousUser', 1516610077986, 'anonymousUser', 1516610077986),
	('ce98c7d8-28e9-4098-9c8b-2ca406edcd98', 'aad1b092-1bf5-4068-9906-18efb1feb8fe', 'C15433', 'RESI', 'anonymousUser', 1516610078328, 'anonymousUser', 1516610078328),
	('ceeb780e-ee64-4c01-b53b-54022e80c7cf', 'aad1b092-1bf5-4068-9906-18efb1feb8fe', 'C751', 'Lehman', 'anonymousUser', 1516610078091, 'anonymousUser', 1516610078091),
	('cf2a4981-b425-42b4-851e-ec4ce20e75c6', 'aad1b092-1bf5-4068-9906-18efb1feb8fe', 'C15359', 'Wells_9', 'anonymousUser', 1516610078552, 'anonymousUser', 1516610078552),
	('cf69ca54-d4d4-43b2-ab38-193f39b74248', 'aad1b092-1bf5-4068-9906-18efb1feb8fe', 'C15137', 'Wells_2', 'anonymousUser', 1516610078426, 'anonymousUser', 1516610078426),
	('cf7748c0-2b9b-48f3-afbe-f46e9bcdecf1', 'aad1b092-1bf5-4068-9906-18efb1feb8fe', 'C8909', 'NationStar_2', 'anonymousUser', 1516610078212, 'anonymousUser', 1516610078212),
	('cf8a8b93-5121-464b-b5a0-ba4db7b9e376', 'aad1b092-1bf5-4068-9906-18efb1feb8fe', 'C8103', 'NationStar_2', 'anonymousUser', 1516610078203, 'anonymousUser', 1516610078203),
	('cfc9a502-45f8-4ff7-8855-86fd492bd611', 'aad1b092-1bf5-4068-9906-18efb1feb8fe', 'C15297', 'Wells_2', 'anonymousUser', 1516610078489, 'anonymousUser', 1516610078489),
	('cfcd2205-045d-49b8-8e26-043a8e388451', 'aad1b092-1bf5-4068-9906-18efb1feb8fe', 'C15304', 'Wells_2', 'anonymousUser', 1516610078495, 'anonymousUser', 1516610078495),
	('cffdef5e-ee6c-44cd-a972-de5a0053be73', 'aad1b092-1bf5-4068-9906-18efb1feb8fe', 'C8940', 'NationStar', 'anonymousUser', 1516610078135, 'anonymousUser', 1516610078135),
	('d0021a98-973e-4457-8146-ffc04980f2c0', 'aad1b092-1bf5-4068-9906-18efb1feb8fe', 'C15623', 'NationStar_2', 'anonymousUser', 1516610078252, 'anonymousUser', 1516610078252),
	('d0154ab3-6f2a-481e-94a5-c4cd3e5c7aac', 'aad1b092-1bf5-4068-9906-18efb1feb8fe', 'C15474', 'HFS_BAC', 'anonymousUser', 1516610078080, 'anonymousUser', 1516610078080),
	('d0339a60-8bd2-4e3c-83a5-49f307b1204d', 'aad1b092-1bf5-4068-9906-18efb1feb8fe', 'C14107', 'NationStar_2', 'anonymousUser', 1516610078174, 'anonymousUser', 1516610078174),
	('d0855c7a-bbd4-4fc1-8930-314e3d17faad', 'aad1b092-1bf5-4068-9906-18efb1feb8fe', 'C15341', 'Wells_2', 'anonymousUser', 1516610078469, 'anonymousUser', 1516610078469),
	('d13e6a37-d2d4-4126-ab9c-16a15853ff6c', 'aad1b092-1bf5-4068-9906-18efb1feb8fe', 'C15633', 'Nationstar_4', 'anonymousUser', 1516610078274, 'anonymousUser', 1516610078274),
	('d1611f0e-95f3-4740-b288-219ef35e4ca9', 'aad1b092-1bf5-4068-9906-18efb1feb8fe', 'C14276', 'NationStar_2', 'anonymousUser', 1516610078238, 'anonymousUser', 1516610078238),
	('d35fc5ca-5baf-42cb-b9b9-ffcc57ce0a98', 'aad1b092-1bf5-4068-9906-18efb1feb8fe', 'C7966', 'Bank_of_America', 'anonymousUser', 1516610077985, 'anonymousUser', 1516610077985),
	('d4fc498f-7cb5-4a9f-a22e-ab0ffddce654', 'aad1b092-1bf5-4068-9906-18efb1feb8fe', 'C14787', 'Credit_Suisse', 'anonymousUser', 1516610078038, 'anonymousUser', 1516610078038),
	('d539bdee-bcd0-4626-8ed3-d617a7ea1c9a', 'aad1b092-1bf5-4068-9906-18efb1feb8fe', 'C15093', 'Wells_11', 'anonymousUser', 1516610078579, 'anonymousUser', 1516610078579),
	('d544c323-8ffa-4f21-9992-df15b70475c1', 'aad1b092-1bf5-4068-9906-18efb1feb8fe', 'C16176', 'CitiBank_2', 'anonymousUser', 1516610078032, 'anonymousUser', 1516610078032),
	('d5cb3367-dde8-4ab5-8eb1-ec91ac45cd88', 'aad1b092-1bf5-4068-9906-18efb1feb8fe', 'C7511', 'Chase', 'anonymousUser', 1516610078018, 'anonymousUser', 1516610078018),
	('d646146b-da30-4f01-971e-46dfb344c942', 'aad1b092-1bf5-4068-9906-18efb1feb8fe', 'C14030', 'RMS', 'anonymousUser', 1516610078341, 'anonymousUser', 1516610078341),
	('d6a10e25-0029-4d19-baa5-226a3038bec6', 'aad1b092-1bf5-4068-9906-18efb1feb8fe', 'C16361', 'RESI', 'anonymousUser', 1516610078335, 'anonymousUser', 1516610078335),
	('d6d310c1-0795-4f3c-93a2-15cc47176a22', 'aad1b092-1bf5-4068-9906-18efb1feb8fe', 'C15294', 'Wells_2', 'anonymousUser', 1516610078487, 'anonymousUser', 1516610078487),
	('d7614951-7de4-4944-b836-4e68f764d66e', 'aad1b092-1bf5-4068-9906-18efb1feb8fe', 'C16280', 'USDA_Rural_Housing', 'anonymousUser', 1516610078354, 'anonymousUser', 1516610078354),
	('d7899763-62cc-49ab-b553-99209bc9c162', 'aad1b092-1bf5-4068-9906-18efb1feb8fe', 'C15296', 'Wells_2', 'anonymousUser', 1516610078488, 'anonymousUser', 1516610078488),
	('d7ba13d8-0981-4be9-acb0-9660d37f34e5', 'aad1b092-1bf5-4068-9906-18efb1feb8fe', 'C14779', 'E_Trade', 'anonymousUser', 1516610078057, 'anonymousUser', 1516610078057),
	('d8b7763f-0158-4e2b-846c-24aa585c1cb8', 'aad1b092-1bf5-4068-9906-18efb1feb8fe', 'C14269', 'Wells_2', 'anonymousUser', 1516610078409, 'anonymousUser', 1516610078409),
	('d8fced9a-6f8e-4cc4-991c-cc87fcee1dc7', 'aad1b092-1bf5-4068-9906-18efb1feb8fe', 'C14102', 'Aurora', 'anonymousUser', 1516610077911, 'anonymousUser', 1516610077911),
	('d9629b34-dd80-48b7-a5ca-13d8a6efe00a', '26dbd9c8-9473-40af-9a0d-1a6afaf9d6a6', 'C16343', 'Tidewater_Mortgage', 'avbindu', 1516175308607, 'avbindu', 1516175308607),
	('da53dccc-1bd9-4c3b-9a2d-c3b117ac7aac', 'aad1b092-1bf5-4068-9906-18efb1feb8fe', 'C16237', 'Standard_Pacific', 'anonymousUser', 1516610078346, 'anonymousUser', 1516610078346),
	('dd11396e-5410-424b-903e-bb2bf7f4eddc', 'aad1b092-1bf5-4068-9906-18efb1feb8fe', 'C9180', 'Wells_5', 'anonymousUser', 1516610078527, 'anonymousUser', 1516610078527),
	('dd33358a-6845-4868-bd45-dfb412e0a0de', 'aad1b092-1bf5-4068-9906-18efb1feb8fe', 'C16184', 'Macquarie', 'anonymousUser', 1516610078107, 'anonymousUser', 1516610078107),
	('dd8a4f11-e655-49da-a36a-6e2567d659e1', 'aad1b092-1bf5-4068-9906-18efb1feb8fe', 'C8331', 'NationStar_2', 'anonymousUser', 1516610078153, 'anonymousUser', 1516610078153),
	('de024146-6a50-485f-8d31-15cd0b8ac287', 'aad1b092-1bf5-4068-9906-18efb1feb8fe', 'C14275', 'NationStar_2', 'anonymousUser', 1516610078237, 'anonymousUser', 1516610078237),
	('de2e58c9-163c-4430-b407-b14b16414989', 'aad1b092-1bf5-4068-9906-18efb1feb8fe', 'C7949', 'Bank_of_America', 'anonymousUser', 1516610077981, 'anonymousUser', 1516610077981),
	('deae118a-e4b1-4a58-b07f-fe3ed2346af4', 'aad1b092-1bf5-4068-9906-18efb1feb8fe', 'C8945', 'NationStar_2', 'anonymousUser', 1516610078218, 'anonymousUser', 1516610078218),
	('debc8f44-fa0e-4c8c-b34e-c3518d18d747', 'aad1b092-1bf5-4068-9906-18efb1feb8fe', 'C7947', 'Bank_of_America', 'anonymousUser', 1516610077980, 'anonymousUser', 1516610077980),
	('e064d240-afff-4865-b2b9-c61687e5c9a1', 'aad1b092-1bf5-4068-9906-18efb1feb8fe', 'C8950', 'NationStar', 'anonymousUser', 1516610078139, 'anonymousUser', 1516610078139),
	('e0a4354b-f256-436b-988b-7451c904139f', 'aad1b092-1bf5-4068-9906-18efb1feb8fe', 'C15046', 'MRF', 'anonymousUser', 1516610078115, 'anonymousUser', 1516610078115),
	('e0ab756c-8446-4873-851d-454d60292f5b', 'aad1b092-1bf5-4068-9906-18efb1feb8fe', 'C15321', 'Wells_2', 'anonymousUser', 1516610078454, 'anonymousUser', 1516610078454),
	('e0b13d77-5eff-49ea-82be-b6d5475b51f4', 'aad1b092-1bf5-4068-9906-18efb1feb8fe', 'C16295', 'RESI', 'anonymousUser', 1516610078333, 'anonymousUser', 1516610078333),
	('e0f46bf4-9bb9-44b5-b311-2457e689408d', 'aad1b092-1bf5-4068-9906-18efb1feb8fe', 'C9262', 'MSR_Trust', 'anonymousUser', 1516610078116, 'anonymousUser', 1516610078116),
	('e12a5680-e8cc-4995-a1ff-8135e8c75c0a', 'aad1b092-1bf5-4068-9906-18efb1feb8fe', 'C9042', 'Bank_of_Hawaii', 'anonymousUser', 1516610077994, 'anonymousUser', 1516610077994),
	('e15b5e15-6921-45de-8a6f-e730683ab13b', 'aad1b092-1bf5-4068-9906-18efb1feb8fe', 'C14223', 'Wells_2', 'anonymousUser', 1516610078405, 'anonymousUser', 1516610078405),
	('e16c8913-a0c6-4ba7-bfea-7a490c7f990c', 'aad1b092-1bf5-4068-9906-18efb1feb8fe', 'C15209', 'BNY', 'anonymousUser', 1516610078002, 'anonymousUser', 1516610078002),
	('e1791561-1491-4b6a-a872-9ba244b39c85', 'aad1b092-1bf5-4068-9906-18efb1feb8fe', 'C6189', 'NationStar_2', 'anonymousUser', 1516610078200, 'anonymousUser', 1516610078200),
	('e1dd301a-81bb-4d95-ae46-33ccdf9c7d5b', 'aad1b092-1bf5-4068-9906-18efb1feb8fe', 'C15402', 'Wells_9', 'anonymousUser', 1516610078548, 'anonymousUser', 1516610078548),
	('e2c2ae22-c93d-47ca-9bb2-73ff3ec016b2', 'aad1b092-1bf5-4068-9906-18efb1feb8fe', 'C15376', 'Wells_9', 'anonymousUser', 1516610078560, 'anonymousUser', 1516610078560),
	('e2ce2508-f602-42c2-87e2-5d109cda8d14', 'aad1b092-1bf5-4068-9906-18efb1feb8fe', 'C8433', 'Credit_Suisse', 'anonymousUser', 1516610078037, 'anonymousUser', 1516610078037),
	('e3193dac-f521-4aca-b178-5ccf946c6c66', 'aad1b092-1bf5-4068-9906-18efb1feb8fe', 'C14998', 'Wells_8', 'anonymousUser', 1516610078544, 'anonymousUser', 1516610078544),
	('e3c40502-0371-4a9c-9228-8d754dce3b50', 'aad1b092-1bf5-4068-9906-18efb1feb8fe', 'C15604', 'Nationstar_4', 'anonymousUser', 1516610078263, 'anonymousUser', 1516610078263),
	('e4532096-1a65-4c91-8526-8316aa4dc69e', 'aad1b092-1bf5-4068-9906-18efb1feb8fe', 'C15356', 'Wells_9', 'anonymousUser', 1516610078551, 'anonymousUser', 1516610078551),
	('e4ee0916-9a72-4857-a16a-20fad364d2bd', 'aad1b092-1bf5-4068-9906-18efb1feb8fe', 'C16353', 'RESI', 'anonymousUser', 1516610078335, 'anonymousUser', 1516610078335),
	('e67992c6-de7f-4792-acb3-017197fb41be', 'aad1b092-1bf5-4068-9906-18efb1feb8fe', 'C15611', 'Nationstar_4', 'anonymousUser', 1516610078268, 'anonymousUser', 1516610078268),
	('e69ee6d5-bbd1-4ed1-b9f1-f27adf9954e3', 'aad1b092-1bf5-4068-9906-18efb1feb8fe', 'C6898', 'NationStar_2', 'anonymousUser', 1516610078147, 'anonymousUser', 1516610078147),
	('e6ab7acb-aa99-4de0-8697-7717185a8d27', 'aad1b092-1bf5-4068-9906-18efb1feb8fe', 'C16330', 'ResCap_2', 'anonymousUser', 1516610078322, 'anonymousUser', 1516610078322),
	('e8140fe1-cbde-4636-be94-501fd720b87b', 'aad1b092-1bf5-4068-9906-18efb1feb8fe', 'C16229', 'Pinnacle_Capital', 'anonymousUser', 1516610078302, 'anonymousUser', 1516610078302),
	('e849ef66-e526-47bd-9e77-52ba145a05e1', 'aad1b092-1bf5-4068-9906-18efb1feb8fe', 'C8865', 'Wells_14', 'anonymousUser', 1516610078581, 'anonymousUser', 1516610078581),
	('e85eb83b-11c5-4026-890a-926364ce0659', 'aad1b092-1bf5-4068-9906-18efb1feb8fe', 'C15024', 'E_Trade', 'anonymousUser', 1516610078060, 'anonymousUser', 1516610078060),
	('e9d02298-cf64-446d-aba0-9ead4a6bcde2', '63c4ade4-9652-49c4-9cf6-3c7df72dc3ec', 'C15439', 'US_Bank', 'avbindu', 1516175426058, 'avbindu', 1516175426058),
	('e9f87bda-d126-42a5-94f8-a22754490211', 'aad1b092-1bf5-4068-9906-18efb1feb8fe', 'C8156', 'Wells_1', 'anonymousUser', 1516610078364, 'anonymousUser', 1516610078364),
	('eadac5f3-27cc-476f-ab73-1be5f60a5941', 'aad1b092-1bf5-4068-9906-18efb1feb8fe', 'C15284', 'Wells_2', 'anonymousUser', 1516610078479, 'anonymousUser', 1516610078479),
	('eadae573-9d16-46d9-bec5-81296dde0b5a', 'aad1b092-1bf5-4068-9906-18efb1feb8fe', 'C15330', 'Wells_2', 'anonymousUser', 1516610078460, 'anonymousUser', 1516610078460),
	('eb09c630-3600-41a3-94e2-acdb09e2607d', 'aad1b092-1bf5-4068-9906-18efb1feb8fe', 'C8453', 'RESI', 'anonymousUser', 1516610078325, 'anonymousUser', 1516610078325),
	('eb946e86-b1b1-4fae-9eb6-13b089680692', 'aad1b092-1bf5-4068-9906-18efb1feb8fe', 'C8154', 'Wells_2', 'anonymousUser', 1516610078374, 'anonymousUser', 1516610078374),
	('ec5961e4-d769-4d48-a66f-78e3f996129e', 'aad1b092-1bf5-4068-9906-18efb1feb8fe', 'C15281', 'NationStar_2', 'anonymousUser', 1516610078187, 'anonymousUser', 1516610078187),
	('ee3ac956-6ccf-4d7b-a118-7f6090311361', 'aad1b092-1bf5-4068-9906-18efb1feb8fe', 'C8694', 'Wells_10', 'anonymousUser', 1516610078571, 'anonymousUser', 1516610078571),
	('ee3bef62-e362-45d8-98ad-b11b2c97cd76', 'aad1b092-1bf5-4068-9906-18efb1feb8fe', 'C15449', 'US_Bank', 'anonymousUser', 1516610078351, 'anonymousUser', 1516610078351),
	('ef1ccc21-1ac2-4941-85be-6daa5a7d5356', 'aad1b092-1bf5-4068-9906-18efb1feb8fe', 'C7537', 'Chase', 'anonymousUser', 1516610078029, 'anonymousUser', 1516610078029),
	('ef446e96-5633-4e2e-b6b8-da76f35d4bcd', '63c4ade4-9652-49c4-9cf6-3c7df72dc3ec', 'C16343', 'Tidewater_Mortgage', 'avbindu', 1516175426055, 'avbindu', 1516175426055),
	('ef5d8929-bcd9-4a36-91a4-7b210c5f810a', 'aad1b092-1bf5-4068-9906-18efb1feb8fe', 'C15157', 'Wells_2', 'anonymousUser', 1516610078439, 'anonymousUser', 1516610078439),
	('efb7830e-efcc-4862-b639-9490b9efc8f8', 'aad1b092-1bf5-4068-9906-18efb1feb8fe', 'C15523', 'GPM592', 'anonymousUser', 1516610078079, 'anonymousUser', 1516610078079),
	('efdd64e2-40e6-4613-a560-156e7cb876a4', 'aad1b092-1bf5-4068-9906-18efb1feb8fe', 'C14079', 'NationStar_2', 'anonymousUser', 1516610078224, 'anonymousUser', 1516610078224),
	('f0318c06-cb62-4734-b1bb-feb7e8dc192b', 'aad1b092-1bf5-4068-9906-18efb1feb8fe', 'C16101', 'Delmar_Financial', 'anonymousUser', 1516610078044, 'anonymousUser', 1516610078044),
	('f136e8f4-3bd4-4ad7-a80f-9f701c9624b3', 'aad1b092-1bf5-4068-9906-18efb1feb8fe', 'C14242', 'Wells_2', 'anonymousUser', 1516610078408, 'anonymousUser', 1516610078408),
	('f22087f6-b47b-4a73-b387-9aef056c564c', 'aad1b092-1bf5-4068-9906-18efb1feb8fe', 'C9153', 'Wells_4', 'anonymousUser', 1516610078523, 'anonymousUser', 1516610078523),
	('f2a54394-c9e1-486f-9e35-f35294e22e3a', 'aad1b092-1bf5-4068-9906-18efb1feb8fe', 'C15133', 'Wells_2', 'anonymousUser', 1516610078422, 'anonymousUser', 1516610078422),
	('f340b3ca-5b8a-416f-bb0c-1ca473ac04c8', 'aad1b092-1bf5-4068-9906-18efb1feb8fe', 'C14909', 'NationStar_2', 'anonymousUser', 1516610078240, 'anonymousUser', 1516610078240),
	('f38f2171-57c2-42e0-8cc6-f915038171ac', 'aad1b092-1bf5-4068-9906-18efb1feb8fe', 'C15078', 'Wells_7', 'anonymousUser', 1516610078534, 'anonymousUser', 1516610078534),
	('f4c6e6c8-07f3-4882-b3f4-1f6a5d0896b4', 'aad1b092-1bf5-4068-9906-18efb1feb8fe', 'C6651', 'Ocwen_Wholly_Owned', 'anonymousUser', 1516610078294, 'anonymousUser', 1516610078294),
	('f4d50e09-c84d-4943-8840-19d349a0c6a1', 'aad1b092-1bf5-4068-9906-18efb1feb8fe', 'C8907', 'NationStar_2', 'anonymousUser', 1516610078210, 'anonymousUser', 1516610078210),
	('f50353bc-f617-4547-9d5a-a5a672957a0e', 'aad1b092-1bf5-4068-9906-18efb1feb8fe', 'C15328', 'Wells_2', 'anonymousUser', 1516610078459, 'anonymousUser', 1516610078459),
	('f5532a3b-b1d0-4b93-a119-e6a6e5539928', 'aad1b092-1bf5-4068-9906-18efb1feb8fe', 'C16192', 'ResCap', 'anonymousUser', 1516610078316, 'anonymousUser', 1516610078316),
	('f5e01ef9-61c3-4fde-9ad2-befc130f7d73', 'aad1b092-1bf5-4068-9906-18efb1feb8fe', 'C15531', 'Wells_2', 'anonymousUser', 1516610078508, 'anonymousUser', 1516610078508),
	('f5f37780-534b-466d-b9cd-a0d87fcc0bca', 'aad1b092-1bf5-4068-9906-18efb1feb8fe', 'C15334', 'Wells_2', 'anonymousUser', 1516610078462, 'anonymousUser', 1516610078462),
	('f5f62cab-c6e9-4770-a73a-d5cd7665f5e1', 'aad1b092-1bf5-4068-9906-18efb1feb8fe', 'C14099', 'Nationstar_4', 'anonymousUser', 1516610078260, 'anonymousUser', 1516610078260),
	('f7332d66-7ddd-4bd0-a82c-78e54df18a66', 'aad1b092-1bf5-4068-9906-18efb1feb8fe', 'C15050', 'Wells_8', 'anonymousUser', 1516610078545, 'anonymousUser', 1516610078545),
	('f78f9e2a-ca61-41bf-9c73-a3557f8090f8', 'aad1b092-1bf5-4068-9906-18efb1feb8fe', 'C8142', 'Wells_1', 'anonymousUser', 1516610078362, 'anonymousUser', 1516610078362),
	('f8bca91e-780f-441a-960b-ae83985e98e7', 'aad1b092-1bf5-4068-9906-18efb1feb8fe', 'C15135', 'Wells_2', 'anonymousUser', 1516610078424, 'anonymousUser', 1516610078424),
	('f8c2d6f2-fb8e-4d87-87b1-df44e14685a3', 'aad1b092-1bf5-4068-9906-18efb1feb8fe', 'C15156', 'Wells_2', 'anonymousUser', 1516610078438, 'anonymousUser', 1516610078438),
	('f8d30a45-3c3a-4a10-914e-9d2aa3eee003', 'aad1b092-1bf5-4068-9906-18efb1feb8fe', 'C15333', 'Wells_2', 'anonymousUser', 1516610078461, 'anonymousUser', 1516610078461),
	('f8f9cef0-665c-4d06-8d69-1198a1b30fef', '49cb3bf1-eb86-4e5b-b50c-b1ba25c6a1ce', 'C15439', 'US_Bank', 'avbindu', 1516175358756, 'avbindu', 1516175358756),
	('f952a94f-f710-4955-a01f-cf87dc660e45', 'aad1b092-1bf5-4068-9906-18efb1feb8fe', 'C15621', 'NationStar_2', 'anonymousUser', 1516610078251, 'anonymousUser', 1516610078251),
	('f9988a37-e6a1-469d-98c7-894993336b10', 'aad1b092-1bf5-4068-9906-18efb1feb8fe', 'C16046', 'NationStar_2', 'anonymousUser', 1516610078255, 'anonymousUser', 1516610078255),
	('fa1a73ff-ca0f-4013-8225-8e34fd94c661', 'aad1b092-1bf5-4068-9906-18efb1feb8fe', 'C15289', 'Wells_2', 'anonymousUser', 1516610078484, 'anonymousUser', 1516610078484),
	('fa430d02-00e6-4e9b-9e0b-bec06b5896a7', 'aad1b092-1bf5-4068-9906-18efb1feb8fe', 'C8143', 'Wells_1', 'anonymousUser', 1516610078363, 'anonymousUser', 1516610078363),
	('fa83917c-8b0a-414e-829e-fb607582dab1', 'aad1b092-1bf5-4068-9906-18efb1feb8fe', 'C8410', 'Wells_2', 'anonymousUser', 1516610078383, 'anonymousUser', 1516610078383),
	('fabf2b83-521a-43b3-8536-3343847be651', 'aad1b092-1bf5-4068-9906-18efb1feb8fe', 'C7869', 'Charles_Schwab', 'anonymousUser', 1516610078011, 'anonymousUser', 1516610078011),
	('fb05ee11-68a2-41fa-a6b2-923ca0d93efa', 'aad1b092-1bf5-4068-9906-18efb1feb8fe', 'C15295', 'Wells_2', 'anonymousUser', 1516610078488, 'anonymousUser', 1516610078488),
	('fb2e0fe7-6c9e-4d02-a640-0212fa4fa9d6', 'aad1b092-1bf5-4068-9906-18efb1feb8fe', 'C14077', 'NationStar_2', 'anonymousUser', 1516610078222, 'anonymousUser', 1516610078222),
	('fb38ac79-a028-499d-ad34-3c74e7f6ddcb', 'aad1b092-1bf5-4068-9906-18efb1feb8fe', 'C8414', 'Wells_2', 'anonymousUser', 1516610078401, 'anonymousUser', 1516610078401),
	('fb5b682a-6b22-46f6-b9d7-3208b2b50e0e', 'aad1b092-1bf5-4068-9906-18efb1feb8fe', 'C14255', 'NationStar_2', 'anonymousUser', 1516610078182, 'anonymousUser', 1516610078182),
	('fbfad88d-169f-4e97-a718-ea53f03fe270', 'aad1b092-1bf5-4068-9906-18efb1feb8fe', 'C15351', 'Wells_2', 'anonymousUser', 1516610078444, 'anonymousUser', 1516610078444),
	('fc05bdf5-bc61-4e51-b9d6-9c6ef8835a40', 'aad1b092-1bf5-4068-9906-18efb1feb8fe', 'C15069', 'Wells_7', 'anonymousUser', 1516610078530, 'anonymousUser', 1516610078530),
	('fc301400-d222-40e7-a1ed-97fb9bf96f71', 'aad1b092-1bf5-4068-9906-18efb1feb8fe', 'C6897', 'NationStar', 'anonymousUser', 1516610078120, 'anonymousUser', 1516610078120),
	('fcffac57-1438-45e9-a452-b186c192c038', 'aad1b092-1bf5-4068-9906-18efb1feb8fe', 'C14111', 'Aurora', 'anonymousUser', 1516610077920, 'anonymousUser', 1516610077920),
	('fd31c593-206c-462a-8c9a-8cdd3e0f525a', 'aad1b092-1bf5-4068-9906-18efb1feb8fe', 'C15000', 'Macquarie', 'anonymousUser', 1516610078105, 'anonymousUser', 1516610078105),
	('fd35006e-dc6c-44b4-adbb-8d3e1ebd2621', 'aad1b092-1bf5-4068-9906-18efb1feb8fe', 'C14093', 'Aurora', 'anonymousUser', 1516610077896, 'anonymousUser', 1516610077896),
	('fda0d385-fbd3-454a-9ec0-26947a00a5ec', 'aad1b092-1bf5-4068-9906-18efb1feb8fe', 'C15210', 'BNY', 'anonymousUser', 1516610078004, 'anonymousUser', 1516610078004),
	('fdebffb7-4e76-41cb-a9e2-f985caf54120', 'aad1b092-1bf5-4068-9906-18efb1feb8fe', 'C15599', 'NationStar_2', 'anonymousUser', 1516610078191, 'anonymousUser', 1516610078191),
	('fe224955-7494-4531-a701-920c88704a67', 'aad1b092-1bf5-4068-9906-18efb1feb8fe', 'C15390', 'NationStar_2', 'anonymousUser', 1516610078188, 'anonymousUser', 1516610078188),
	('fe55371c-ce61-44e4-8773-c0d5f61e3329', 'aad1b092-1bf5-4068-9906-18efb1feb8fe', 'C15475', 'HFS_US_RE_SEC', 'anonymousUser', 1516610078082, 'anonymousUser', 1516610078082),
	('fec24756-e452-40ad-9b2b-86e311973225', 'aad1b092-1bf5-4068-9906-18efb1feb8fe', 'C15600', 'NationStar_2', 'anonymousUser', 1516610078192, 'anonymousUser', 1516610078192),
	('ff440b60-8ee1-4621-a120-a680def1a065', '2634ab5e-c39f-4138-b599-382859fd2659', 'C9062', 'Treasury_Bank', 'avbindu', 1516175318242, 'avbindu', 1516175318242),
	('ff9ab8a3-f876-41b6-b7dc-7fe49cb4a419', 'aad1b092-1bf5-4068-9906-18efb1feb8fe', 'C8361', 'NationStar', 'anonymousUser', 1516610078139, 'anonymousUser', 1516610078139),
	('ffdb482f-c645-4eb8-a1f6-7c372d4ad7af', 'aad1b092-1bf5-4068-9906-18efb1feb8fe', 'C8691', 'Wells_4', 'anonymousUser', 1516610078523, 'anonymousUser', 1516610078523);

-- insert for ra_tnt_apps
INSERT INTO `RA_TNT_APPS` (`ID`,`NAME`, `CODE`, `DESCRIPTION`,`APP_LAUNCH_URL`,`APP_LAUNCH_PAGE`, `CREATED_BY`, `CREATED_ON`) VALUES (UUID(), 'SYSADMIN', 'sys-admin', 'sys-admin','/sys-admin','/sys-admin/index.html', 'SYSTEM', NOW());
INSERT INTO `RA_TNT_APPS` (`ID`, `NAME`, `CODE`, `DESCRIPTION`, `APP_LAUNCH_PAGE`, `APP_LAUNCH_URL`, `CREATED_BY`, `CREATED_ON`, `LAST_UPDATED_BY`, `LAST_UPDATED_ON`) VALUES	(UUID(), 'ecma', 'ecma', 'CA Integration', 'index', '/ra-tenant', 'a', 1, NULL, NULL);
INSERT INTO `RA_TNT_APPS` (`ID`, `NAME`, `CODE`, `DESCRIPTION`, `APP_LAUNCH_PAGE`, `APP_LAUNCH_URL`, `CREATED_BY`, `CREATED_ON`, `LAST_UPDATED_BY`, `LAST_UPDATED_ON`) VALUES	(UUID(), 'DPA', 'dpa', 'Dynamic pricing App', '/dpa/index.html', '/dpa', 'ww', 1, NULL, NULL);
INSERT INTO `RA_TNT_APPS` (`ID`, `NAME`, `CODE`, `DESCRIPTION`, `APP_LAUNCH_PAGE`, `APP_LAUNCH_URL`, `CREATED_BY`, `CREATED_ON`, `LAST_UPDATED_BY`, `LAST_UPDATED_ON`) VALUES	(UUID(), 'DUI', 'dui', 'Dynamic UI', '/dui/index.html', '/dui', 'dd', 1, NULL, NULL);

-- Insert for  TABLE `ra_tnt_tenant`
INSERT INTO `RA_TNT_TENANT` (`ID`, `NAME`, `CODE`, `AUTH_CODE`, `CREATED_BY`, `CREATED_ON`, `LAST_UPDATED_BY`, `LAST_UPDATED_ON`) VALUES
('25258d15-737d-11e7-bd9f-0050568756f9', 'hubzu', 'hubzu', 'Yakvn8jyYdFOcDmppZ5ckQWGW84gI2sH8dNIJ0xxKCKfZJE1ArhcH6nG+Awsy0kh', 'sldmasl', 1498117421, NULL, NULL),
('f0080a14-d9a3-11e7-b11f-005056875889', 'nrzweek0', 'NRZWeek0', '4f0f3IKk5EkvGx9CShY+QA==', 'system', 20180111130416, NULL, NULL);

SELECT `ID` FROM `RA_TNT_TENANT` WHERE LOWER(`CODE`) = 'hubzu' INTO @TENANT_ID;

-- Insert for ra_tnt_ad_group
INSERT INTO `RA_TNT_AD_GROUP` (`ID`, `GROUP_NAME`, `TENANT_ID`, `CREATED_BY`, `CREATED_ON`) VALUES	('7174b2b1-737d-11e7-bd9f-0050568756f9', 'UMG_Dev', '25258d15-737d-11e7-bd9f-0050568756f9', 'SYSTEM', NOW());
INSERT INTO `RA_TNT_AD_GROUP` (`ID`, `GROUP_NAME`, `TENANT_ID`, `CREATED_BY`, `CREATED_ON`) VALUES
	(UUID(), 'RA_Apps_Admin_QA', @TENANT_ID, 'SYSTEM', NOW());

-- Insert for ra_tnt_model_detail
INSERT INTO `RA_TNT_MODEL_DETAIL` (`ID`, `NAME`, `MAJOR_VERSION`, `MINOR_VERSION`, `TENANT_ID`, `DESCRIPTION`, `CREATED_BY`, `CREATED_ON`, `LAST_UPDATED_BY`, `LAST_UPDATED_ON`) VALUES('1', 'hubzu_week_0', 22, 0, '25258d15-737d-11e7-bd9f-0050568756f9', 'aa', 'yogeshku', 123456, 'asda', 111111),('44f658f5-f620-11e7-94e4-a44cc82e487c', 'nrzweek0', 1, 0, 'f0080a14-d9a3-11e7-b11f-005056875889', NULL, 'system', 20180111131046, NULL, NULL);


-- Insert for ra_tnt_ad_group_model
INSERT INTO `RA_TNT_AD_GROUP_MODEL` (`ID`, `AD_GROUP_ID`, `MODEL_ID`, `CREATED_BY`, `CREATED_ON`, `LAST_UPDATED_BY`, `LAST_UPDATED_ON`) VALUES	('1', '7174b2b1-737d-11e7-bd9f-0050568756f9', '1', 'avbindu', 123456, NULL, NULL);

SELECT ID from `RA_TNT_APPS` WHERE `NAME` = 'SYSADMIN' INTO @ADMIN_APP_ID;

select ID FROM `RA_TNT_AD_GROUP` WHERE `GROUP_NAME` = 'RA_Apps_Admin_QA' into @AD_GROUP_ID;

INSERT INTO `AD_GROUP_APP_MAPPING` (`ID`, `AD_GROUP_ID`, `APP_ID`, `CREATED_BY`, `CREATED_ON`) VALUES (UUID(), @AD_GROUP_ID, @ADMIN_APP_ID, 'SYSTEM', NOW());

-- Insert for ad_group_app_mapping
INSERT INTO `AD_GROUP_APP_MAPPING` (`ID`, `AD_GROUP_ID`, `APP_ID`, `CREATED_BY`, `CREATED_ON`) VALUES (UUID(), @AD_GROUP_ID, @ADMIN_APP_ID, 'SYSTEM', NOW());

-- Insert for ra_tnt_app_params

SELECT ID from RA_TNT_APPS WHERE LOWER(code) = 'dpa' INTO @APP_ID;
INSERT INTO `RA_TNT_APP_PARAMS` (`ID`, `RA_TNT_APP_ID`, `ATTR_KEY`, `ATTR_VALUE`, `CREATED_BY`, `CREATED_ON`) VALUES (UUID(), @APP_ID, 'RR_QUERY', 'SELECT a.loannumber , a.PROPSTRNBR, a.PROPSTREET, a.PROPCITY, a.STATE, a.PROPZIP, a.PROPTYPE, a.ORGPRINBAL, a.CURPRINBAL, a.PIPMTAMT, a.ESCROWPMT, a.OCCPTYPE, a.FAIRMKTVAL, a.CREDITSCORE, a.PURCHASEPRICE, a.CREDITSCOREDT, a.ORGAPPRVAL, b.referral_dt as REO_DATE, c.upb_res FROM arlt_arlt_mortgage1 a left outer join REO_ER_PROPS b on a.loannumber = b.LOAN_TEMP left outer join SHAHMAYU.REO_SALES_MASTER c on a.loannumber = c.loan_num WHERE a.loannumber = ?', 'SYSTEM', NOW());
INSERT INTO `RA_TNT_APP_PARAMS` (`ID`, `RA_TNT_APP_ID`, `ATTR_KEY`, `ATTR_VALUE`, `CREATED_BY`, `CREATED_ON`) VALUES (UUID(), @APP_ID, 'RTNG_QUERY', 'SELECT Loan_Number,Property_Id,Vendor_Order_Nbr,Order_Ingestion_Date,Order_Created_Date,Product_Type,Vendor_Order_Status,Investor_Code,Investor_Name,Vendor_Fulfilled_Date,Vendor_Address1,Vendor_Address2,Vendor_City,Vendor_State,Vendor_Zip,Property_Address1,Property_Address2,Property_City,Property_State,Property_Zip,Current_Review_High,Current_Review_Low,Review_Mid_Value,Property_Type,As_Is_Low,As_Is_High,Property_Condition,Site_Size,GLA,Room_Count,Bathroom_Count,Bedroom_Count,Total_Room_Count,Age,Design,Repair_Low,Repair_High,Suggest_Low,Suggest_High,Suggest_Repair_Low,Suggest_Repair_High,Repair_Amount1,Repair_Amount2,Repair_Amount3,Repair_Amount4,Repair_Amount5,Repair_Amount6,Repair_Amount7,Repair_Amount8,Repair_Amount_Total,Is_WSTRAT,Repaired_Costs,Order_Approved_Date,Review_Repair_Low,Review_Repair_High,Review_Repair_Mid,Action_Comments,FAIR_MARKET_VALUE FROM RPT_DYNMC_PRCNG where Loan_Number = ? and Review_Mid_Value is not NULL order by Order_Ingestion_Date desc', 'SYSTEM', NOW());
INSERT INTO `RA_TNT_APP_PARAMS` (`ID`, `RA_TNT_APP_ID`, `ATTR_KEY`, `ATTR_VALUE`, `CREATED_BY`, `CREATED_ON`) VALUES (UUID(), @APP_ID, 'ca.url', 'https://wavmbeta.collateralanalytics.com', 'SYSTEM', NOW());
INSERT INTO `RA_TNT_APP_PARAMS` (`ID`, `RA_TNT_APP_ID`, `ATTR_KEY`, `ATTR_VALUE`, `CREATED_BY`, `CREATED_ON`) VALUES (UUID(), @APP_ID, 'ca.username', 'altisourceweb1', 'SYSTEM', NOW());
INSERT INTO `RA_TNT_APP_PARAMS` (`ID`, `RA_TNT_APP_ID`, `ATTR_KEY`, `ATTR_VALUE`, `CREATED_BY`, `CREATED_ON`) VALUES (UUID(), @APP_ID, 'ca.password', '$Alt_web1', 'SYSTEM', NOW());
INSERT INTO `RA_TNT_APP_PARAMS` (`ID`, `RA_TNT_APP_ID`, `ATTR_KEY`, `ATTR_VALUE`, `CREATED_BY`, `CREATED_ON`) VALUES (UUID(), @APP_ID, 'ca.common_name', '*.collateralanalytics.com', 'SYSTEM', NOW());
INSERT INTO `RA_TNT_APP_PARAMS` (`ID`, `RA_TNT_APP_ID`, `ATTR_KEY`, `ATTR_VALUE`, `CREATED_BY`, `CREATED_ON`) VALUES (UUID(), @APP_ID, 'ca.request.xml.regular', '<avmx><request type=\"basic\"><requestheader><metainfo name=\"transactionid\" value=\"week0_exec\"/><account><userid>{0}</userid><password>{1}</password></account></requestheader><property><address><city/><state/><zip>{2}</zip><fulladdress>{3}</fulladdress></address><info /></property></request></avmx>', 'SYSTEM', NOW());
INSERT INTO `RA_TNT_APP_PARAMS` (`ID`, `RA_TNT_APP_ID`, `ATTR_KEY`, `ATTR_VALUE`, `CREATED_BY`, `CREATED_ON`) VALUES (UUID(), @APP_ID, 'ca.request.xml.reo', '<avmx><request type=\"basic\" usesubject=\"false\"><requestheader><metainfo name=\"transactionid\" value=\"week0_exec\"/><account><userid>{0}</userid><password>{1}</password></account></requestheader><property><address><city /><state /><zip>{2}</zip><fulladdress>{3}</fulladdress></address></property><searchcriteria reo=\"true\"/></request></avmx>', 'SYSTEM', NOW());
INSERT INTO `RA_TNT_APP_PARAMS` (`ID`, `RA_TNT_APP_ID`, `ATTR_KEY`, `ATTR_VALUE`, `CREATED_BY`, `CREATED_ON`) VALUES (UUID(), @APP_ID, 'asset.value.range', '10001|25000,25001|50000,50001|100000,100001|150000,150001|200000,200001|300000,300001|500000,500001|750000', 'SYSTEM', NOW());
INSERT INTO `RA_TNT_APP_PARAMS` (`ID`, `RA_TNT_APP_ID`, `ATTR_KEY`, `ATTR_VALUE`, `CREATED_BY`, `CREATED_ON`) VALUES (UUID(), @APP_ID, 'nrz.av.upper.slab', '1', 'SYSTEM', NOW());
INSERT INTO `RA_TNT_APP_PARAMS` (`ID`, `RA_TNT_APP_ID`, `ATTR_KEY`, `ATTR_VALUE`, `CREATED_BY`, `CREATED_ON`) VALUES (UUID(), @APP_ID, 'nrz.av.lower.slab', '0', 'SYSTEM', NOW());
INSERT INTO `RA_TNT_APP_PARAMS` (`ID`, `RA_TNT_APP_ID`, `ATTR_KEY`, `ATTR_VALUE`, `CREATED_BY`, `CREATED_ON`) VALUES (UUID(), @APP_ID, 'ocn.av.upper.slab', '4', 'SYSTEM', NOW());
INSERT INTO `RA_TNT_APP_PARAMS` (`ID`, `RA_TNT_APP_ID`, `ATTR_KEY`, `ATTR_VALUE`, `CREATED_BY`, `CREATED_ON`) VALUES (UUID(), @APP_ID, 'ocn.av.lower.slab', '1', 'SYSTEM', NOW());
INSERT INTO `RA_TNT_APP_PARAMS` (`ID`, `RA_TNT_APP_ID`, `ATTR_KEY`, `ATTR_VALUE`, `CREATED_BY`, `CREATED_ON`) VALUES (UUID(), @APP_ID, 'minimum.asset.value', '10000', '', NOW());
INSERT INTO `RA_TNT_APP_PARAMS` (`ID`, `RA_TNT_APP_ID`, `ATTR_KEY`, `ATTR_VALUE`, `CREATED_BY`, `CREATED_ON`) VALUES (UUID(), @APP_ID, 'maximum.asset.value', '750000', '', NOW());
INSERT INTO `RA_TNT_APP_PARAMS` (`ID`, `RA_TNT_APP_ID`, `ATTR_KEY`, `ATTR_VALUE`, `CREATED_BY`, `CREATED_ON`) VALUES (UUID(), @APP_ID, 'nrz.week0Vacant.tenant.code', 'nrzweek0', 'SYSTEM', NOW());
INSERT INTO `RA_TNT_APP_PARAMS` (`ID`, `RA_TNT_APP_ID`, `ATTR_KEY`, `ATTR_VALUE`, `CREATED_BY`, `CREATED_ON`) VALUES (UUID(), @APP_ID, 'ocn.week0Vacant.tenant.code', 'hubzu', 'SYSTEM', NOW());
INSERT INTO `RA_TNT_APP_PARAMS` (`ID`, `RA_TNT_APP_ID`, `ATTR_KEY`, `ATTR_VALUE`, `CREATED_BY`, `CREATED_ON`) VALUES (UUID(), @APP_ID, 'nrz.week0Vacant.model.name', 'NRZweek0', 'SYSTEM', NOW());
INSERT INTO `RA_TNT_APP_PARAMS` (`ID`, `RA_TNT_APP_ID`, `ATTR_KEY`, `ATTR_VALUE`, `CREATED_BY`, `CREATED_ON`) VALUES (UUID(), @APP_ID, 'ocn.week0Vacant.model.name', 'HUBZU_WEEK_0', 'SYSTEM', NOW());
INSERT INTO `RA_TNT_APP_PARAMS` (`ID`, `RA_TNT_APP_ID`, `ATTR_KEY`, `ATTR_VALUE`, `CREATED_BY`, `CREATED_ON`) VALUES (UUID(), @APP_ID, 'nrz.week0Vacant.major.version', '1', 'SYSTEM', NOW());
INSERT INTO `RA_TNT_APP_PARAMS` (`ID`, `RA_TNT_APP_ID`, `ATTR_KEY`, `ATTR_VALUE`, `CREATED_BY`, `CREATED_ON`) VALUES (UUID(), @APP_ID, 'nrz.week0Vacant.minor.version', '0', 'SYSTEM', NOW());
INSERT INTO `RA_TNT_APP_PARAMS` (`ID`, `RA_TNT_APP_ID`, `ATTR_KEY`, `ATTR_VALUE`, `CREATED_BY`, `CREATED_ON`) VALUES (UUID(), @APP_ID, 'ocn.week0Vacant.major.version', '22', 'SYSTEM', NOW());
INSERT INTO `RA_TNT_APP_PARAMS` (`ID`, `RA_TNT_APP_ID`, `ATTR_KEY`, `ATTR_VALUE`, `CREATED_BY`, `CREATED_ON`) VALUES (UUID(), @APP_ID, 'ocn.week0Vacant.minor.version', '0', 'SYSTEM', NOW());
INSERT INTO `RA_TNT_APP_PARAMS` (`ID`, `RA_TNT_APP_ID`, `ATTR_KEY`, `ATTR_VALUE`, `CREATED_BY`, `CREATED_ON`) VALUES (UUID(), @APP_ID, 'nrz.pricemode.input', ' wk0_50', 'SYSTEM', NOW());
INSERT INTO `RA_TNT_APP_PARAMS` (`ID`, `RA_TNT_APP_ID`, `ATTR_KEY`, `ATTR_VALUE`, `CREATED_BY`, `CREATED_ON`) VALUES (UUID(), @APP_ID, 'ocn.pricemode.input', 'wk0_standard', 'SYSTEM', NOW());
