USE `umg_admin`;

INSERT INTO SYSTEM_KEY (`ID`, `SYSTEM_KEY`, `KEY_TYPE`, `CREATED_BY`, `CREATED_ON`, `LAST_UPDATED_BY`, `LAST_UPDATED_ON`) 
VALUES ('05be454a-e6f9-11e3-a68a-82687f4fcx16', 'minPoolSize', 'DATABASE', 'SYSTEM', '1401344421', 'SYSTEM', '1401344421');

INSERT INTO SYSTEM_KEY (`ID`, `SYSTEM_KEY`, `KEY_TYPE`, `CREATED_BY`, `CREATED_ON`, `LAST_UPDATED_BY`, `LAST_UPDATED_ON`) 
VALUES ('05be454a-e6f9-11e3-a68a-82687f4fcx17', 'maxPoolSize', 'DATABASE', 'SYSTEM', '1401344421', 'SYSTEM', '1401344421');


SELECT @tenant_ocwen:=(SELECT ID FROM TENANT WHERE CODE='ocwen');
SELECT @tenant_hubzu:=(SELECT ID FROM TENANT WHERE CODE='hubzu');
SELECT @tenant_equator:=(SELECT ID FROM TENANT WHERE CODE='equator');
SELECT @tenant_realtrans:=(SELECT ID FROM TENANT WHERE CODE='realtrans');


INSERT INTO TENANT_CONFIG (`ID`, `TENANT_ID`, `SYSTEM_KEY_ID`, `CONFIG_VALUE`, `CREATED_BY`, `CREATED_ON`, `LAST_UPDATED_BY`, `LAST_UPDATED_ON`) 
VALUES ('eb3dd9ec-ecdb-11e5-9106-00ffbc73cbd1', @tenant_ocwen , '05be454a-e6f9-11e3-a68a-82687f4fcx16', '3', 'SYSTEM', '1401344421', 'SYSTEM', '1401344421');

INSERT INTO TENANT_CONFIG (`ID`, `TENANT_ID`, `SYSTEM_KEY_ID`, `CONFIG_VALUE`, `CREATED_BY`, `CREATED_ON`, `LAST_UPDATED_BY`, `LAST_UPDATED_ON`) 
VALUES ('fe3e37f6-ecdb-11e5-9106-00ffbc73cbd1', @tenant_ocwen, '05be454a-e6f9-11e3-a68a-82687f4fcx17', '100', 'SYSTEM', '1401344421', 'SYSTEM', '1401344421');


INSERT INTO TENANT_CONFIG (`ID`, `TENANT_ID`, `SYSTEM_KEY_ID`, `CONFIG_VALUE`, `CREATED_BY`, `CREATED_ON`, `LAST_UPDATED_BY`, `LAST_UPDATED_ON`) 
VALUES ('18536bd2-ecdd-11e5-9106-00ffbc73cbd1', @tenant_hubzu , '05be454a-e6f9-11e3-a68a-82687f4fcx16', '3', 'SYSTEM', '1401344421', 'SYSTEM', '1401344421');

INSERT INTO TENANT_CONFIG (`ID`, `TENANT_ID`, `SYSTEM_KEY_ID`, `CONFIG_VALUE`, `CREATED_BY`, `CREATED_ON`, `LAST_UPDATED_BY`, `LAST_UPDATED_ON`) 
VALUES ('1ffb16b4-ecdd-11e5-9106-00ffbc73cbd1', @tenant_hubzu, '05be454a-e6f9-11e3-a68a-82687f4fcx17', '100', 'SYSTEM', '1401344421', 'SYSTEM', '1401344421');


INSERT INTO TENANT_CONFIG (`ID`, `TENANT_ID`, `SYSTEM_KEY_ID`, `CONFIG_VALUE`, `CREATED_BY`, `CREATED_ON`, `LAST_UPDATED_BY`, `LAST_UPDATED_ON`) 
VALUES ('37adb00b-ecdd-11e5-9106-00ffbc73cbd1', @tenant_equator , '05be454a-e6f9-11e3-a68a-82687f4fcx16', '3', 'SYSTEM', '1401344421', 'SYSTEM', '1401344421');

INSERT INTO TENANT_CONFIG (`ID`, `TENANT_ID`, `SYSTEM_KEY_ID`, `CONFIG_VALUE`, `CREATED_BY`, `CREATED_ON`, `LAST_UPDATED_BY`, `LAST_UPDATED_ON`) 
VALUES ('459049f0-ecdd-11e5-9106-00ffbc73cbd1', @tenant_equator, '05be454a-e6f9-11e3-a68a-82687f4fcx17', '100', 'SYSTEM', '1401344421', 'SYSTEM', '1401344421');


INSERT INTO TENANT_CONFIG (`ID`, `TENANT_ID`, `SYSTEM_KEY_ID`, `CONFIG_VALUE`, `CREATED_BY`, `CREATED_ON`, `LAST_UPDATED_BY`, `LAST_UPDATED_ON`) 
VALUES ('4a01f167-ecdd-11e5-9106-00ffbc73cbd1', @tenant_realtrans , '05be454a-e6f9-11e3-a68a-82687f4fcx16', '3', 'SYSTEM', '1401344421', 'SYSTEM', '1401344421');

INSERT INTO TENANT_CONFIG (`ID`, `TENANT_ID`, `SYSTEM_KEY_ID`, `CONFIG_VALUE`, `CREATED_BY`, `CREATED_ON`, `LAST_UPDATED_BY`, `LAST_UPDATED_ON`) 
VALUES ('4df4187f-ecdd-11e5-9106-00ffbc73cbd1', @tenant_realtrans, '05be454a-e6f9-11e3-a68a-82687f4fcx17', '100', 'SYSTEM', '1401344421', 'SYSTEM', '1401344421');



INSERT INTO `SYSTEM_PARAMETER` (`ID`, `SYS_KEY`, `DESCRIPTION`, `SYS_VALUE`, `IS_ACTIVE`, `CREATED_BY`, `CREATED_ON`, `LAST_UPDATED_BY`, `LAST_UPDATED_ON`) 
VALUES ('af5e85e1-47k5-4ahc-a74b-9e6bdda18d6x', 'MODEL_SIZE_REDUCTION', 'Reduce the size of the Model IO', 'false', 'Y', 'system', 1417439330020, 'system', 1417439330020);

INSERT INTO `SYSTEM_PARAMETER_AUDIT` (`ID`, `SYS_KEY`, `DESCRIPTION`, `SYS_VALUE`, `IS_ACTIVE`, `CREATED_BY`, `CREATED_ON`, `LAST_UPDATED_BY`, `LAST_UPDATED_ON`) 
VALUES ('af5e85e1-47k5-4ahc-a74b-9e6bdda18d6x', 'MODEL_SIZE_REDUCTION', 'Reduce the size of the Model IO', 'false', 'Y', 'system', 1417439330020, 'system', 1417439330020);



INSERT INTO POOL (`ID`, `POOL_NAME`, `POOL_DESCRIPTION`, `IS_DEFAULT_POOL`, `ENVIRONMENT`, `MODELET_COUNT`, `MODELET_CAPACITY`, `PRIORITY`, `WAIT_TIMEOUT`) 
	VALUES ('100', 'RENT_RANGE_ONLINE', 'RENT_RANGE_ONLINE', '0', 'R', '1', '4GB - Linux 64 bit', '7', '90000');

	
INSERT INTO POOL_CRITERIA_DEF_MAPPING (`ID`, `POOL_ID`, `POOL_CRITERIA_VALUE`) VALUES ('100', '100', '#TENANT# = rentrange & #ENVIRONMENT# = R & #ENVIRONMENT_VERSION# = 3.2.1 & #TRANSACTION_TYPE# = ONLINE & #MODEL# = Any & #MODEL_VERSION# = Any & #TRANSACTION_MODE# = Any');


INSERT INTO POOL_USAGE_ORDER (`ID`, `POOL_ID`, `POOL_USAGE_ID`, `POOL_TRY_ORDER`) VALUES ('100', '100', '100', '1');




INSERT INTO POOL (`ID`, `POOL_NAME`, `POOL_DESCRIPTION`, `IS_DEFAULT_POOL`, `ENVIRONMENT`, `MODELET_COUNT`, `MODELET_CAPACITY`, `PRIORITY`, `WAIT_TIMEOUT`) 
	VALUES ('101', 'RENT_RANGE_BULK', 'RENT_RANGE_BULK', '0', 'R', '1', '4GB - Linux 64 bit', '8', '90000');

INSERT INTO POOL_CRITERIA_DEF_MAPPING (`ID`, `POOL_ID`, `POOL_CRITERIA_VALUE`) VALUES ('101', '101', '#TENANT# = rentrange & #ENVIRONMENT# = R & #ENVIRONMENT_VERSION# = 3.2.1 & #TRANSACTION_TYPE# = BULK & #MODEL# = Any & #MODEL_VERSION# = Any & #TRANSACTION_MODE# = Any');

INSERT INTO POOL_USAGE_ORDER (`ID`, `POOL_ID`, `POOL_USAGE_ID`, `POOL_TRY_ORDER`) VALUES ('101', '101', '101', '1');

INSERT INTO POOL_USAGE_ORDER (`ID`, `POOL_ID`, `POOL_USAGE_ID`, `POOL_TRY_ORDER`) VALUES ('102', '101', '100', '2');

	



INSERT INTO SYSTEM_PARAMETER VALUES('5d803a0e-ef62-11e5-9ce9-5e551	7507c66', 'TRACK_METRICS', 'true', 'Y', 'SYSTEM', '1401344421', 'SYSTEM', '1401344421', 'Track Metrics')


UPDATE POOL set POOL_NAME = 'Matlab-Default' where IS_DEFAULT_POOL = 1 and lower(ENVIRONMENT) = 'matlab';

UPDATE POOL set POOL_NAME = 'R-Default' where IS_DEFAULT_POOL = 1 and lower(ENVIRONMENT) = 'r';


commit;
