USE umg_admin;

INSERT INTO `SYSTEM_PARAMETER` (`ID`, `SYS_KEY`, `DESCRIPTION`, `SYS_VALUE`, `IS_ACTIVE`, `CREATED_BY`, `CREATED_ON`, `LAST_UPDATED_BY`, `LAST_UPDATED_ON`) VALUES ('E9F564AC-7FE3-48F1-8188-BFA5034C1AA6', 'MODELET_EXEC_TIME_LIMIT', 'LIMIT FOR MODEL EXECUTION TIME', 300, 'Y', 'SYSTEM', 1465809887, 'SYSTEM', 1465809901);


INSERT INTO `SYSTEM_PARAMETER_AUDIT` (`ID`, `SYS_KEY`, `DESCRIPTION`, `SYS_VALUE`, `IS_ACTIVE`, `CREATED_BY`, `CREATED_ON`, `LAST_UPDATED_BY`, `LAST_UPDATED_ON`) VALUES ('E9F564AC-7FE3-48F1-8188-BFA5034C1AA6', 'MODELET_EXEC_TIME_LIMIT', 'LIMIT FOR MODEL EXECUTION TIME', 300, 'Y', 'SYSTEM', 1465809887, 'SYSTEM', 1465809901);


INSERT INTO `NOTIFICATION_EVENT` (`ID`, `NAME`, `DESCRIPTION`, `CLASSIFICATION`, `CREATED_BY`, `CREATED_ON`, `LAST_UPDATED_BY`, `LAST_UPDATED_ON`) VALUES ('E3453E48-38DF-4424-A42F-69784A17D11F', 'Excessive Model Exec Time', 'Mail will be sent on excessive model exec time', 'System', 'SYSTEM', 1465810235, 'SYSTEM', 1465810244);

INSERT INTO `NOTIFICATION_EMAIL_TEMPLATE` (`ID`, `NOTIFICATION_EVENT_ID`, `NAME`, `DESCRIPTION`, `BODY_DEFINITION`, `SUBJECT_DEFINITION`, `IS_ACTIVE`, `MAJOR_VERSION`, `MAIL_CONTENT_TYPE`, `CREATED_BY`, `CREATED_ON`, `LAST_UPDATED_BY`, `LAST_UPDATED_ON`) VALUES ('6259B6AB-C2BC-4720-A997-3C54738BB4A4', 'E3453E48-38DF-4424-A42F-69784A17D11F', 'EXCESSION RUNTIME TEMPLATE', 'EXCESSIVE RUNTIME TEMPLATE', '<html> <body style="font-family: Calibri;">Hi, <br><br>$modelName _ $modelVersion model has been processing a transaction for more than $excessRuntime seconds in  $environment environment.The modelet has been stopped.Please find further details below:<br>
<ul><li> Tenant Name: $tenantName </li>
<li>Tenant Transaction Id: $clienttransactionId</li>
<li>RA Transaction Id: $transactionId</li>
<li>Processing Start Time: $modelStartTime</li>
<li>Memory Usage at Processing Start: NA
<li>CPU Usage at Processing Start: NA
<li>Current Memory Usage: NA</li>
<li>Current CPU Usage: NA</li>
<li>Modelet: Server IP:$modeletHost Port :$port</li>
<li>Pool Name: $poolName</li>

</ul><b>Regards,</b><br><b>REALAnalytics Team</b></body></html>', 'REALAnalytics $environment: Model $modelName - $modelVersion taking too long to execute', 1, 1, 'MIME', 'System', 1465811587, NULL, NULL);	


INSERT INTO `NOTIFICATION_EVENT` (`ID`, `NAME`, `DESCRIPTION`, `CLASSIFICATION`, `CREATED_BY`, `CREATED_ON`, `LAST_UPDATED_BY`, `LAST_UPDATED_ON`) VALUES ('E76CCC0A-33A5-11E6-AC61-9E71128CAE77', 'Modelet Restart', 'Mail will be sent when modelet restart command is initiated', 'System', 'SYSTEM', 1465810235, 'SYSTEM', 1465810244);

INSERT INTO `NOTIFICATION_EMAIL_TEMPLATE` (`ID`, `NOTIFICATION_EVENT_ID`, `NAME`, `DESCRIPTION`, `BODY_DEFINITION`, `SUBJECT_DEFINITION`, `IS_ACTIVE`, `MAJOR_VERSION`, `MAIL_CONTENT_TYPE`, `CREATED_BY`, `CREATED_ON`, `LAST_UPDATED_BY`, `LAST_UPDATED_ON`) VALUES ('E76CCF02-33A5-11E6-AC61-9E71128CAE77', 'E76CCC0A-33A5-11E6-AC61-9E71128CAE77', 'MODELET RESTART TEMPLATE', 'MODELET RESTART TEMPLATE', '<html><body style="font-family: Calibri;">Hi,<br><br>Modelet $modeletHost:$port has been restarted in $environment environment. Please find further details below:<ul><li>Current Pool Name: $poolName</li><li>New Pool Name: $newPoolName</li><li>Restart Time: $modeletRestartTime</li><li>Model Name: $loadedModel & Model Version: $loadedModelVersion prior to restart</li><li>Model Name: $modelToLoad & Model Version: $modelVersionToLoad requested model</li><li>Transactio ID: $transactionId</li><li>Transaction Run Date: $transactionRunDate</li><li>Restart Reason: $reason</li></ul><b>Regards,</b><br><b>REALAnalytics Team</b></body></html>', 'REALAnalytics $environment: Modelet restarted', 1, 1, 'MIME', 'System', 1465811587, NULL, NULL);


set @TENANT_CODE = 'rentrange';	
set @TO_ADDRESS = 'umgqe@altisource.com';
set @FROM_ADDRESS = 'REALAnalytics-QE@altisource.com';
set @CC_ADDRESS = '';
set @BCC_ADDRESS = '';


INSERT INTO `NOTIFICATION_EVENT_TEMPLATE_MAPPING` (`ID`, `NAME`, `NOTIFICATION_EVENT_ID`, `NOTIFICATION_TEMPLATE_ID`, `NOTIFICATION_TYPE_ID`, `TENANT_ID`, `TO_ADDRESS`, `FROM_ADDRESS`, `CC_ADDRESS`, `BCC_ADDRESS`, `CREATED_BY`, `CREATED_ON`, `LAST_UPDATED_BY`, `LAST_UPDATED_ON`) VALUES ('02BC91DD-7D4E-4D03-845D-F37ED8FE77-1', 'Excessive Model Exec Time', 'E3453E48-38DF-4424-A42F-69784A17D11F', '6259B6AB-C2BC-4720-A997-3C54738BB4A4', '07E1739D-467E-42BE-8882-DAD8EDB7465B', @TENANT_CODE,  @TO_ADDRESS, @FROM_ADDRESS, @CC_ADDRESS, @BCC_ADDRESS, 'superman', 1465889602000, NULL, NULL);

INSERT INTO `NOTIFICATION_EVENT_TEMPLATE_MAPPING` (`ID`, `NAME`, `NOTIFICATION_EVENT_ID`, `NOTIFICATION_TEMPLATE_ID`, `NOTIFICATION_TYPE_ID`, `TENANT_ID`, `TO_ADDRESS`, `FROM_ADDRESS`, `CC_ADDRESS`, `BCC_ADDRESS`,  `CREATED_BY`, `CREATED_ON`, `LAST_UPDATED_BY`, `LAST_UPDATED_ON`) VALUES ('D74BEB48-33A6-11E6-AC61-9E71128CAE-1', 'Modelet Restart', 'E76CCC0A-33A5-11E6-AC61-9E71128CAE77', 'E76CCF02-33A5-11E6-AC61-9E71128CAE77', '07E1739D-467E-42BE-8882-DAD8EDB7465B', @TENANT_CODE,  @TO_ADDRESS, @FROM_ADDRESS, @CC_ADDRESS, @BCC_ADDRESS, 'superman', 1465889602000, NULL, NULL);

set @TENANT_CODE = 'ocwen';	


INSERT INTO `NOTIFICATION_EVENT_TEMPLATE_MAPPING` (`ID`, `NAME`, `NOTIFICATION_EVENT_ID`, `NOTIFICATION_TEMPLATE_ID`, `NOTIFICATION_TYPE_ID`, `TENANT_ID`, `TO_ADDRESS`, `FROM_ADDRESS`, `CC_ADDRESS`, `BCC_ADDRESS`, `CREATED_BY`, `CREATED_ON`, `LAST_UPDATED_BY`, `LAST_UPDATED_ON`) VALUES ('02BC91DD-7D4E-4D03-845D-F37ED8FE77-2', 'Excessive Model Exec Time', 'E3453E48-38DF-4424-A42F-69784A17D11F', '6259B6AB-C2BC-4720-A997-3C54738BB4A4', '07E1739D-467E-42BE-8882-DAD8EDB7465B', @TENANT_CODE,  @TO_ADDRESS, @FROM_ADDRESS, @CC_ADDRESS, @BCC_ADDRESS,'superman', 1465889602000, NULL, NULL);

INSERT INTO `NOTIFICATION_EVENT_TEMPLATE_MAPPING` (`ID`, `NAME`, `NOTIFICATION_EVENT_ID`, `NOTIFICATION_TEMPLATE_ID`, `NOTIFICATION_TYPE_ID`, `TENANT_ID`, `TO_ADDRESS`, `FROM_ADDRESS`, `CC_ADDRESS`, `BCC_ADDRESS`,`CREATED_BY`, `CREATED_ON`, `LAST_UPDATED_BY`, `LAST_UPDATED_ON`) VALUES ('7BDB4BB8-33A7-11E6-AC61-9E71128CAE-2', 'Modelet Restart', 'E76CCC0A-33A5-11E6-AC61-9E71128CAE77', 'E76CCF02-33A5-11E6-AC61-9E71128CAE77', '07E1739D-467E-42BE-8882-DAD8EDB7465B', @TENANT_CODE,  @TO_ADDRESS, @FROM_ADDRESS, @CC_ADDRESS, @BCC_ADDRESS, 'superman', 1465889602000, NULL, NULL);

set @TENANT_CODE = 'equator';	

INSERT INTO `NOTIFICATION_EVENT_TEMPLATE_MAPPING` (`ID`, `NAME`, `NOTIFICATION_EVENT_ID`, `NOTIFICATION_TEMPLATE_ID`, `NOTIFICATION_TYPE_ID`, `TENANT_ID`, `TO_ADDRESS`, `FROM_ADDRESS`, `CC_ADDRESS`, `BCC_ADDRESS`, `CREATED_BY`, `CREATED_ON`, `LAST_UPDATED_BY`, `LAST_UPDATED_ON`) VALUES ('02BC91DD-7D4E-4D03-845D-F37ED8FE77-3', 'Excessive Model Exec Time', 'E3453E48-38DF-4424-A42F-69784A17D11F', '6259B6AB-C2BC-4720-A997-3C54738BB4A4', '07E1739D-467E-42BE-8882-DAD8EDB7465B', @TENANT_CODE,  @TO_ADDRESS, @FROM_ADDRESS, @CC_ADDRESS, @BCC_ADDRESS, 'superman', 1465889602000, NULL, NULL);

INSERT INTO `NOTIFICATION_EVENT_TEMPLATE_MAPPING` (`ID`, `NAME`, `NOTIFICATION_EVENT_ID`, `NOTIFICATION_TEMPLATE_ID`, `NOTIFICATION_TYPE_ID`, `TENANT_ID`, `TO_ADDRESS`, `FROM_ADDRESS`, `CC_ADDRESS`, `BCC_ADDRESS`, `CREATED_BY`, `CREATED_ON`, `LAST_UPDATED_BY`, `LAST_UPDATED_ON`) VALUES ('8A275022-33A7-11E6-AC61-9E71128CAE-3', 'Modelet Restart', 'E76CCC0A-33A5-11E6-AC61-9E71128CAE77', 'E76CCF02-33A5-11E6-AC61-9E71128CAE77', '07E1739D-467E-42BE-8882-DAD8EDB7465B', @TENANT_CODE,  @TO_ADDRESS, @FROM_ADDRESS, @CC_ADDRESS, @BCC_ADDRESS,'superman', 1465889602000, NULL, NULL);

set @TENANT_CODE = 'hubzu';	

INSERT INTO `NOTIFICATION_EVENT_TEMPLATE_MAPPING` (`ID`, `NAME`, `NOTIFICATION_EVENT_ID`, `NOTIFICATION_TEMPLATE_ID`, `NOTIFICATION_TYPE_ID`, `TENANT_ID`, `TO_ADDRESS`, `FROM_ADDRESS`, `CC_ADDRESS`, `BCC_ADDRESS`, `CREATED_BY`, `CREATED_ON`, `LAST_UPDATED_BY`, `LAST_UPDATED_ON`) VALUES ('02BC91DD-7D4E-4D03-845D-F37ED8FE77-4', 'Excessive Model Exec Time', 'E3453E48-38DF-4424-A42F-69784A17D11F', '6259B6AB-C2BC-4720-A997-3C54738BB4A4', '07E1739D-467E-42BE-8882-DAD8EDB7465B', @TENANT_CODE,  @TO_ADDRESS, @FROM_ADDRESS, @CC_ADDRESS, @BCC_ADDRESS, 'superman', 1465889602000, NULL, NULL);

INSERT INTO `NOTIFICATION_EVENT_TEMPLATE_MAPPING` (`ID`, `NAME`, `NOTIFICATION_EVENT_ID`, `NOTIFICATION_TEMPLATE_ID`, `NOTIFICATION_TYPE_ID`, `TENANT_ID`, `TO_ADDRESS`, `FROM_ADDRESS`, `CC_ADDRESS`, `BCC_ADDRESS`, `CREATED_BY`, `CREATED_ON`, `LAST_UPDATED_BY`, `LAST_UPDATED_ON`) VALUES ('8A275022-33A7-11E6-AC61-9E71128CAE-4', 'Modelet Restart', 'E76CCC0A-33A5-11E6-AC61-9E71128CAE77', 'E76CCF02-33A5-11E6-AC61-9E71128CAE77', '07E1739D-467E-42BE-8882-DAD8EDB7465B', @TENANT_CODE,  @TO_ADDRESS, @FROM_ADDRESS, @CC_ADDRESS, @BCC_ADDRESS,'superman', 1465889602000, NULL, NULL);

set @TENANT_CODE = 'realtrans';	

INSERT INTO `NOTIFICATION_EVENT_TEMPLATE_MAPPING` (`ID`, `NAME`, `NOTIFICATION_EVENT_ID`, `NOTIFICATION_TEMPLATE_ID`, `NOTIFICATION_TYPE_ID`, `TENANT_ID`, `TO_ADDRESS`, `FROM_ADDRESS`, `CC_ADDRESS`, `BCC_ADDRESS`, `CREATED_BY`, `CREATED_ON`, `LAST_UPDATED_BY`, `LAST_UPDATED_ON`) VALUES ('02BC91DD-7D4E-4D03-845D-F37ED8FE77-5', 'Excessive Model Exec Time', 'E3453E48-38DF-4424-A42F-69784A17D11F', '6259B6AB-C2BC-4720-A997-3C54738BB4A4', '07E1739D-467E-42BE-8882-DAD8EDB7465B', @TENANT_CODE,  @TO_ADDRESS, @FROM_ADDRESS, @CC_ADDRESS, @BCC_ADDRESS,'superman', 1465889602000, NULL, NULL);

INSERT INTO `NOTIFICATION_EVENT_TEMPLATE_MAPPING` (`ID`, `NAME`, `NOTIFICATION_EVENT_ID`, `NOTIFICATION_TEMPLATE_ID`, `NOTIFICATION_TYPE_ID`, `TENANT_ID`, `TO_ADDRESS`, `FROM_ADDRESS`, `CC_ADDRESS`, `BCC_ADDRESS`, `CREATED_BY`, `CREATED_ON`, `LAST_UPDATED_BY`, `LAST_UPDATED_ON`) VALUES ('8A275022-33A7-11E6-AC61-9E71128CAE-5', 'Modelet Restart', 'E76CCC0A-33A5-11E6-AC61-9E71128CAE77', 'E76CCF02-33A5-11E6-AC61-9E71128CAE77', '07E1739D-467E-42BE-8882-DAD8EDB7465B', @TENANT_CODE,  @TO_ADDRESS, @FROM_ADDRESS, @CC_ADDRESS, @BCC_ADDRESS,'superman', 1465889602000, NULL, NULL);

set @TENANT_CODE = 'localhost';	

INSERT INTO `NOTIFICATION_EVENT_TEMPLATE_MAPPING` (`ID`, `NAME`, `NOTIFICATION_EVENT_ID`, `NOTIFICATION_TEMPLATE_ID`, `NOTIFICATION_TYPE_ID`, `TENANT_ID`, `TO_ADDRESS`, `FROM_ADDRESS`, `CC_ADDRESS`, `BCC_ADDRESS`, `CREATED_BY`, `CREATED_ON`, `LAST_UPDATED_BY`, `LAST_UPDATED_ON`) VALUES ('02BC91DD-7D4E-4D03-845D-F37ED8FE77-6', 'Excessive Model Exec Time', 'E3453E48-38DF-4424-A42F-69784A17D11F', '6259B6AB-C2BC-4720-A997-3C54738BB4A4', '07E1739D-467E-42BE-8882-DAD8EDB7465B', @TENANT_CODE, @TO_ADDRESS, @FROM_ADDRESS, @CC_ADDRESS, @BCC_ADDRESS, 'superman', 1465889602000, NULL, NULL);

INSERT INTO `NOTIFICATION_EVENT_TEMPLATE_MAPPING` (`ID`, `NAME`, `NOTIFICATION_EVENT_ID`, `NOTIFICATION_TEMPLATE_ID`, `NOTIFICATION_TYPE_ID`, `TENANT_ID`, `TO_ADDRESS`, `FROM_ADDRESS`, `CC_ADDRESS`, `BCC_ADDRESS`, `CREATED_BY`, `CREATED_ON`, `LAST_UPDATED_BY`, `LAST_UPDATED_ON`) VALUES ('8A275022-33A7-11E6-AC61-9E71128CAE-6', 'Modelet Restart', 'E76CCC0A-33A5-11E6-AC61-9E71128CAE77', 'E76CCF02-33A5-11E6-AC61-9E71128CAE77', '07E1739D-467E-42BE-8882-DAD8EDB7465B', @TENANT_CODE,  @TO_ADDRESS, @FROM_ADDRESS, @CC_ADDRESS, @BCC_ADDRESS,'superman', 1465889602000, NULL, NULL);


COMMIT;
